"x.1","x.2","y"
0.936058515979489,-0.731393371942115,"yes"
0.542741112346629,0.981293100579304,"yes"
0.805081067934497,0.746603574030177,"yes"
1.09765477429782,-1.23171131865156,"yes"
1.08112660938713,0.318059753094396,"yes"
0.425984701296737,0.448630715041426,"yes"
-0.00181157135269727,0.349912225874084,"yes"
-0.108118083312514,-0.5875656496514,"yes"
1.28570473474813,0.383818153999712,"yes"
-0.295652048715794,-0.130598765853705,"yes"
0.380449965731825,-0.925495094066915,"yes"
0.0836257185208077,-1.08702431260399,"yes"
1.52896262153122,1.14283419569598,"yes"
-0.333320556437852,-0.394566234546982,"yes"
0.471966931366576,-1.09560846461537,"yes"
1.03786891661242,0.40951924817532,"yes"
0.446467367910325,1.23837088222762,"yes"
-0.413850750971691,0.0114929814581549,"yes"
0.354257782895765,1.1895193037205,"yes"
1.44038737065916,0.835985800892699,"yes"
0.707046277619649,1.34906076834392,"yes"
0.370549886134731,-0.479523023564025,"yes"
0.374911273884326,-1.85309619341883,"yes"
1.66011545343551,0.127124519469177,"yes"
0.643644527803099,-1.26687455728059,"yes"
0.454057511867025,0.680722972751328,"yes"
0.575559417419482,0.898528663164305,"yes"
0.1117112960354,0.923749762435904,"yes"
1.4292024011634,-1.22296730426429,"yes"
0.197536319806492,-1.11019350255833,"yes"
0.32173900635468,-1.0411694716867,"yes"
0.247486353719289,-0.851830817516798,"yes"
1.23546237877053,0.654751302358703,"yes"
0.50094050517009,1.43016382307477,"yes"
-0.222286387934874,1.30014093205548,"yes"
0.459526499289846,-0.412582675716907,"yes"
0.991670012650584,0.468610328333784,"yes"
0.981528183368461,-1.03056907943392,"yes"
-0.118947361176733,0.761276348567201,"yes"
-0.597307771377583,-0.344045455391974,"yes"
-0.695159731949241,-0.295549953436501,"yes"
0.210784971811211,1.57543182839116,"yes"
-0.000564501312346533,1.02092723139987,"yes"
0.791861764968347,0.0233295191682436,"yes"
0.174939256264902,-0.55472817922852,"yes"
0.251538382839733,0.557672351869825,"yes"
0.907228877419086,0.627646584657843,"yes"
0.212514914683295,0.107107926247224,"yes"
0.286832265452798,-0.685759246003986,"yes"
0.542794629187885,0.331699955177529,"yes"
0.928610652648633,0.717508603661389,"yes"
0.899183564458509,-1.07192897939287,"yes"
0.792953256291483,0.200600302723534,"yes"
0.273654383106711,-1.49819462515748,"yes"
0.704905706376304,-0.0424185342302535,"yes"
0.00809049191634581,-1.47197858126486,"yes"
1.09430207498717,-0.0422792787375739,"yes"
0.0488013197190823,-0.880174555320732,"yes"
1.86508618334662,0.451797770157214,"yes"
0.859151923047668,0.868887640738635,"yes"
-0.208084030137692,-1.41573204565219,"yes"
0.767869104323206,-0.499165047836695,"yes"
0.535472515901315,-0.950554924622654,"yes"
0.398219018420041,-1.24102633357589,"yes"
0.563179327016405,-0.571737210549365,"yes"
1.38003476149754,0.0371785169688474,"yes"
0.405466460670701,-0.242251959523321,"yes"
0.204418052725587,-0.507927845349306,"yes"
0.969754708649653,-1.60510781579755,"yes"
1.43089133150464,0.121964109687552,"yes"
0.0893972012955024,-0.344990833745441,"yes"
0.420557574930486,-0.56552142295537,"yes"
0.601795401688398,-1.45782028435926,"yes"
0.736518765781567,0.0554377250481009,"yes"
0.84323701917065,-1.7681636488431,"yes"
1.10842347579623,0.275964554055361,"yes"
0.865414835239824,0.294809352980222,"yes"
0.932131661786854,-1.75705552992243,"yes"
0.763140655253132,-0.414217304342374,"yes"
-0.0885782179454245,-1.30881635119751,"yes"
0.792221686266394,0.481579991014222,"yes"
0.802999575900197,0.353517547491878,"yes"
0.457285100286791,0.218577908452633,"yes"
-0.151791330927246,0.032734259887161,"yes"
1.04508555578879,0.140287291052445,"yes"
0.735619965926205,-0.885468336602308,"yes"
0.75631072970874,1.31206442784669,"yes"
1.13611978627933,-0.112774682614184,"yes"
0.153655103577292,0.520436117761282,"yes"
0.643800982747016,-0.872799727890543,"yes"
0.0377396574340529,1.16161207031638,"yes"
0.704621967908646,0.733504961395395,"yes"
0.614892803538959,-1.31557993748286,"yes"
0.461226552225403,-0.132966213724265,"yes"
0.494012326877335,-1.51379574246587,"yes"
1.1030233726034,0.590091281233677,"yes"
0.270732317279104,-0.183907261188725,"yes"
-0.80213981791994,0.570046312704299,"yes"
-0.413762824365017,-0.100056800457052,"yes"
0.381507911144361,-0.223948892062023,"yes"
0.225059700050138,-1.84788162870994,"yes"
0.811805817970365,-1.18901237283943,"yes"
-0.105599365889817,-0.493807625136434,"yes"
0.381925888543244,-1.89529552403574,"yes"
0.183897522456678,0.12669711332737,"yes"
0.257983776778989,-1.31805196043952,"yes"
1.43491636390947,0.985829906081859,"yes"
0.891297667293367,1.72515746778447,"yes"
1.07455837801965,-1.11793594768288,"yes"
0.821010670278319,0.587413317506077,"yes"
0.852965901528593,-1.65863087604248,"yes"
0.77486748926335,0.911809128332914,"yes"
-0.0101963709133933,0.0994926280471209,"yes"
0.874332367038333,-1.78093508600767,"yes"
1.09999467024985,1.01481398265785,"yes"
-0.257702546603806,0.91139249078385,"yes"
1.04425981719054,0.34731511717371,"yes"
1.43898926107913,-0.555750771586038,"yes"
1.03129117451241,0.22262848491496,"yes"
0.937780564582824,-0.665378655052778,"yes"
0.505916954924507,0.651114911752158,"yes"
0.34472421723757,0.643442014880637,"yes"
0.0959028092397795,0.787967176010848,"yes"
-0.0748758545419387,-0.843496251730234,"yes"
0.642301112080091,-0.373565664087068,"yes"
0.767025611186693,0.530600030298639,"yes"
0.939011134422843,0.354868940452035,"yes"
-0.189347764287552,-0.229276973057375,"yes"
0.242632677831828,-1.50155409551517,"yes"
-0.0237887485172336,-0.36829515908933,"yes"
1.37468512817996,0.580891790439908,"yes"
1.03039678965575,0.461914493054888,"yes"
0.661777735366026,-0.595911829985298,"yes"
0.296233713030025,-0.622873512932874,"yes"
-0.136220122074478,1.72041692995234,"yes"
-0.0467948613596088,-0.942260143468433,"yes"
0.962730538954552,-1.09741957765671,"yes"
0.60954083215389,-0.0930352589324424,"yes"
0.879158171834847,-0.0924515439534865,"yes"
1.45381245007734,1.00484873319126,"yes"
1.14641107379693,-0.167067386256245,"yes"
1.44701459312676,-1.49416504239841,"yes"
-0.110520234105283,-0.279808342510808,"yes"
0.529801332779487,-0.113455802928859,"yes"
-0.181660174959508,-0.320045254859647,"yes"
0.517393714794581,-0.329152677958092,"yes"
-0.185319278252225,-0.822924927689102,"yes"
0.797748833312381,-1.08255154603562,"yes"
0.737632966319376,0.720024955984128,"yes"
1.32198647045425,-1.25828524708265,"yes"
0.399793257756353,1.41989033063376,"yes"
0.37923946740495,0.994568379106013,"yes"
1.251023635974,0.14591876924201,"yes"
0.328743813756111,-1.22561172464467,"yes"
1.03130987178641,1.0394673627406,"yes"
-0.153766229441002,-1.45252383825042,"yes"
0.845353508659915,-1.21507692615048,"yes"
0.689579391549374,-1.32847465454075,"yes"
0.3362133803989,0.703454729381925,"yes"
0.698910490142854,-0.961705282354158,"yes"
0.853834384453747,-1.243721237949,"yes"
-0.0175379087476319,-1.95445228751633,"yes"
0.740869451360154,0.0412139577315684,"yes"
2.02729255537502,0.816292509919536,"yes"
0.376589848267117,0.964228223173833,"yes"
0.838788223909912,-0.299360942678378,"yes"
0.178739696949681,-1.31396376537813,"yes"
0.817315811783603,0.442401005140506,"yes"
0.120009419326514,0.742677182486533,"yes"
0.536586239742926,-1.38678006873777,"yes"
0.107833819866288,0.731698471458453,"yes"
0.0644110823044865,0.479682819973598,"yes"
0.583566224732693,-0.389401744411765,"yes"
0.543194081407588,-0.350217342792606,"yes"
0.495875655165037,-0.252763472475689,"yes"
0.822712290471358,0.569957129104098,"yes"
0.0323928308621061,-0.569415528851851,"yes"
-0.215241832862384,-1.26457435924165,"yes"
0.433416110448738,-0.821340972977114,"yes"
1.05412195265656,0.847958436011985,"yes"
1.10052727815085,0.41794547580499,"yes"
0.972745317182842,0.760388315480992,"yes"
2.26227232374478,1.09059919508877,"yes"
0.77318642513562,1.61327706049473,"yes"
0.43514088785087,-1.14892550863863,"yes"
1.19507653701906,-1.89503675657621,"yes"
0.673272041962027,-0.832033860134364,"yes"
0.544439053275243,1.94924489193142,"yes"
1.5054491085036,0.219367626372252,"yes"
0.831849952256556,-0.600433059897409,"yes"
1.55750489919691,0.6793220772541,"yes"
0.206596142216228,-1.63523985216018,"yes"
0.634418516192773,1.09828197610051,"yes"
0.630468148199784,0.394916326641679,"yes"
0.726068096419466,0.505563177287961,"yes"
0.110933668418968,-0.69202024063436,"yes"
0.845530836643534,0.70894543489887,"yes"
0.143018280449856,-0.0973451142260242,"yes"
0.893767497649511,-0.238356812490312,"yes"
0.822562060149207,0.891580568787149,"yes"
0.551405580264938,-0.697484632127642,"yes"
1.23554851855608,1.32059729657565,"yes"
0.309572490722019,-0.505757201874854,"yes"
0.849354826908631,0.410058788859193,"yes"
0.533117060349347,-1.31777020414911,"yes"
0.396355792358807,-0.861792268524401,"yes"
0.327282344404073,-1.30391073662063,"yes"
0.496638547453907,1.17128332973395,"yes"
0.568049186719303,0.498879877320182,"yes"
0.575611639633892,0.622571504062957,"yes"
0.35807625026333,-0.238905386644636,"yes"
0.0758140992006008,1.17898084492001,"yes"
-0.295812834673257,-0.478032393902231,"yes"
-0.891651617423123,-0.442243192285723,"yes"
1.34329476549818,0.645041079383667,"yes"
-0.502036856583135,0.354947044438572,"yes"
0.869665547079972,0.0978442710501711,"yes"
-0.167186517631917,0.599806925608694,"yes"
0.52931389141488,-1.19529485955625,"yes"
0.424284140568883,-0.772444732254372,"yes"
0.933754508813151,1.48787042285277,"yes"
0.324635333820323,-0.0244674813849131,"yes"
1.10503706240577,-1.25090571386165,"yes"
1.30065352252153,1.04018572923883,"yes"
0.234471511819827,0.537443344745262,"yes"
0.860024804909597,0.821892554060275,"yes"
0.423262543726583,-0.835730191177143,"yes"
1.17769382982745,0.220598001781255,"yes"
0.379465215502492,0.651457983684459,"yes"
0.385860823036423,0.630365798303428,"yes"
0.223131579999234,-0.540198730377158,"yes"
0.517202003158876,0.449762771809769,"yes"
0.775547456277944,-0.758696148948443,"yes"
0.0459799724542265,-0.364717785576246,"yes"
-0.168321688299786,0.532360515705188,"yes"
0.286108520023462,-1.35116617461213,"yes"
0.23459781837927,-1.15214120832885,"yes"
1.13372387941225,-0.444649038945884,"yes"
1.7649064010962,-0.452944166493383,"yes"
0.627903684626172,-1.87904015781553,"yes"
1.05208977420215,0.374565834948609,"yes"
-0.138667667904402,1.06517246927286,"yes"
0.617505796334231,-1.30651499947229,"yes"
0.240014127557232,-1.31587070863847,"yes"
-0.153301977631812,-1.23080631212703,"yes"
0.281094108784614,0.911874990702586,"yes"
0.80363969656241,1.0998063695128,"yes"
0.00965039637441445,0.719166975163847,"yes"
0.282287345100176,-0.499856860428997,"yes"
0.455961587908944,-0.558433338239099,"yes"
0.367122609603829,-0.812537107602836,"yes"
1.05253390460003,0.338964986810945,"yes"
-0.564733253114233,-1.59809767179181,"yes"
0.0447240088337566,-1.25125570027968,"yes"
0.40937189802528,0.925184131736821,"yes"
-0.0890281150393878,-0.890373904544846,"yes"
0.980595786781348,-1.28097938992523,"yes"
-0.488205653316738,0.295158900345704,"yes"
1.04228880708069,0.999358275837032,"yes"
0.758218916450067,0.633748671790123,"yes"
-0.424338138483454,-0.741425553628562,"yes"
0.813781059510105,0.694929025750516,"yes"
1.13523324207302,-0.728966824866721,"yes"
0.160145214632229,1.37415198799971,"yes"
1.04453634350125,1.03659943473054,"yes"
1.25536169731637,-0.491160152791422,"yes"
0.338395040078421,-0.934594638464184,"yes"
-0.0925611261347996,-0.139992653359781,"yes"
1.21597044350117,0.865221909726023,"yes"
0.625995688414818,0.379155821045097,"yes"
0.242417920956994,0.30056250263694,"yes"
0.698902914002285,-0.0493261588524499,"yes"
0.277976601041478,0.468320297628154,"yes"
0.456235098890134,-2.24228323057102,"yes"
0.144782863788531,0.840541093449882,"yes"
0.654413882681986,-0.538600363950435,"yes"
-0.910176230549115,-0.82809715672927,"yes"
0.94745881038498,0.266320582409432,"yes"
-0.294697892827776,0.065109971307464,"yes"
1.28547616834866,0.353395835772607,"yes"
0.0364688996363969,-1.20060134530561,"yes"
0.563230253293634,0.936679527302025,"yes"
0.839324822112273,0.640614361753268,"yes"
0.544978654316064,1.90999047641264,"yes"
0.897994838900881,1.06663001171292,"yes"
0.470579287612943,0.535798744109604,"yes"
0.481253673303083,1.0202691727651,"yes"
0.528715764376039,-0.326860105143682,"yes"
0.690307533058695,-1.07908803000673,"yes"
0.564556856185806,0.376188223719308,"yes"
-0.404182510110188,-0.0377823165093306,"yes"
0.836678148893522,1.29378744469266,"yes"
0.958639587387274,-1.15884939046838,"yes"
0.836446505765473,-1.1741912926784,"yes"
1.49739917577072,-1.36830958672812,"yes"
0.615953705133048,-0.769536647152198,"yes"
0.664065360015851,0.216997581435648,"yes"
0.0971871321682804,-1.71075571406363,"yes"
0.984816606652812,-0.755288716990919,"yes"
0.690949334177197,-1.46805991129439,"yes"
0.677442051543741,0.488830973796323,"yes"
0.799809196903707,0.480307590918337,"yes"
0.666826086961385,-0.819149990665478,"yes"
0.532452679786207,0.352703110336861,"yes"
0.433553321669237,-0.190135199281188,"yes"
1.11263578725632,0.968276920312989,"yes"
1.30582291187433,0.393023857111571,"yes"
0.35891823882623,0.590997803625551,"yes"
0.794015171723024,0.724207132133905,"yes"
1.43569756543516,0.0209241148238752,"yes"
1.04221608415995,0.073303136720287,"yes"
0.13741656654261,-0.835320453334918,"yes"
0.72855601883458,-0.0710017145600393,"yes"
1.38303796341964,1.53222803181539,"yes"
0.756091503887888,-0.308341816699956,"yes"
0.513054093414444,-1.43697437110602,"yes"
-0.093053943903549,-0.232381472326158,"yes"
-0.0455882597841119,-1.03179788751821,"yes"
0.830227225632974,-1.09311662655499,"yes"
0.977364526919276,0.431536425641756,"yes"
0.502572756243001,-0.220551323931788,"yes"
0.987489803879721,0.712994755195928,"yes"
0.423689236701286,0.746797212618808,"yes"
0.54639225184416,-0.781740015747794,"yes"
0.0259589229346333,-0.716051424897821,"yes"
0.524809818300469,-0.38107107927229,"yes"
1.37970083979517,-1.15453243779517,"yes"
0.277532080121299,-0.123604875744369,"yes"
0.233749620321957,0.55019528636481,"yes"
0.431501285386364,-0.413601546370567,"yes"
0.509651387924231,-1.35088103640451,"yes"
-0.644418429638745,-0.969123288983784,"yes"
1.39587887034572,0.455591726457291,"yes"
0.323301466894268,1.58067709655128,"yes"
0.461678552738395,1.11286769666098,"yes"
0.818284752002967,-1.83277862671849,"yes"
0.571281578602112,1.33105659146993,"yes"
0.45499238351311,-1.39511834453484,"yes"
1.08628848212028,-0.678867361749919,"yes"
1.22371799975614,-0.195200324193903,"yes"
0.617183295817412,-0.788632218360211,"yes"
-0.452329840418919,0.407731993871604,"yes"
0.776994116941309,-2.04551312831199,"yes"
0.477606827565031,1.41327884431657,"yes"
1.36182479170179,0.44657286627007,"yes"
-0.90020210853318,0.247843675396096,"yes"
0.278152078147798,1.50053582434233,"yes"
1.03003759406164,0.051321403972769,"yes"
1.02500554267239,-1.49327199985339,"yes"
0.535191682661188,-1.17911216851991,"yes"
1.03172479884622,-1.72932818576914,"yes"
1.29802858750994,-2.20802455029085,"yes"
0.499880165886998,-1.63149278604115,"yes"
0.722001493352911,-0.510482953381061,"yes"
-0.272086130043713,-0.342676042016002,"yes"
0.0137392166737577,-1.3311416927046,"yes"
-0.270985127095237,-0.601952512090536,"yes"
0.415361244952889,-0.575451222063462,"yes"
1.41013568586019,0.846356060184774,"yes"
0.496371303322182,0.543277590014206,"yes"
0.670713085988663,-0.2003687155324,"yes"
0.98024383843524,0.172040207449461,"yes"
0.0109546147879875,0.243502991386599,"yes"
-0.143426320050388,-1.31552314549133,"yes"
-0.0294957353137215,-0.656930305946834,"yes"
-0.0370628493268893,-0.590763555374911,"yes"
0.683076897494741,0.77810184135071,"yes"
1.35613679130425,0.254952012691677,"yes"
0.582139275989191,1.56049731904436,"yes"
1.2752165164585,-1.96429367676106,"yes"
-0.496155784781598,-0.0269231266032062,"yes"
-0.56587164566844,0.074198369960226,"yes"
0.389094669371943,0.475946726606754,"yes"
1.01741406509352,0.264469172645541,"yes"
0.116031270370826,-0.440471086004914,"yes"
0.5197028259031,-0.0605932550069357,"yes"
1.45805178154086,1.81514372059694,"yes"
0.202397240793838,0.37117251625102,"yes"
0.673141998224567,-1.15805780432739,"yes"
1.42552857043653,1.02350519929777,"yes"
0.238219286694819,-1.39944309470797,"yes"
0.230414565681543,-0.872880677698111,"yes"
0.0749581052468285,-1.02060506826382,"yes"
1.2995725456398,-0.0960013686299381,"yes"
0.902644627502043,-1.1553522818855,"yes"
0.236172559804352,-1.51184990203964,"yes"
0.337413674671373,0.909904808104756,"yes"
0.845889277630499,0.889256858577224,"yes"
-0.899395524807036,1.20158724864951,"yes"
0.488476555077451,-1.76959445718711,"yes"
-0.0731676305043261,-0.793613306433172,"yes"
0.637652344852542,-0.040776429792043,"yes"
0.496374473562687,-1.72671061791339,"yes"
0.395824199581236,-0.61007009668522,"yes"
-0.00667453947185603,-0.915486458009719,"yes"
0.561925584574114,0.56519299359743,"yes"
1.21059944758232,0.56514030388872,"yes"
0.789460574361524,-1.39277729254017,"yes"
0.692884315725297,0.323272457036801,"yes"
0.00379118629450778,-0.500047177233661,"yes"
0.935535626150084,-0.919694411857694,"yes"
0.485241138695071,-0.649826014718785,"yes"
0.590334122794378,0.853782380440221,"yes"
-1.11986429994777,-0.0234670822829646,"yes"
1.13038314816942,-0.982733387589822,"yes"
1.75545442455931,0.132225339193267,"yes"
0.362361222432628,-1.1886027264617,"yes"
0.309941085086304,1.91147046339949,"yes"
0.399398602106157,-0.524861004934658,"yes"
0.0258573793352625,-0.574075834121686,"yes"
1.20892265741002,0.818542924368429,"yes"
0.0323601325947128,-1.50711950736444,"yes"
0.337526549092268,0.601808053909425,"yes"
1.80155370494264,-0.730354367610173,"yes"
0.0920055683833617,0.846942486559053,"yes"
-0.70665977603337,0.979522986392627,"yes"
0.391295255637764,0.909494677098207,"yes"
0.506182145949206,-0.0768210411341831,"yes"
0.499117711980104,1.0692391871268,"yes"
-0.00603853999991097,-0.825942913385211,"yes"
-0.55766603856905,0.169503001190586,"yes"
0.70448205415124,0.601807745197373,"yes"
1.54356484526553,-1.0658900184126,"yes"
0.248644205478201,-0.758135298170434,"yes"
-0.0501895741435454,0.815220001460649,"yes"
0.660492384996355,1.60105023795807,"yes"
0.122321792680798,0.327853138226715,"yes"
0.417913371266892,-0.888200265112064,"yes"
0.151795416860505,-0.904489693639503,"yes"
0.630084809644733,-1.53528367189973,"yes"
0.295177265851521,1.10599334110455,"yes"
0.0806735935558199,-0.0630457896479,"yes"
0.504075945426883,-1.32288720994888,"yes"
0.692119245360862,0.912354440448955,"yes"
0.825916692454571,-0.561503475369325,"yes"
0.889336805863524,0.940764994446685,"yes"
0.479026943137492,-1.2588941441175,"yes"
1.44623283390643,0.448281826227226,"yes"
1.1971820463331,0.358128712721532,"yes"
-0.134822473295391,0.604531033577096,"yes"
1.33053507906274,-1.32382281202326,"yes"
1.51902674190499,0.150784748099498,"yes"
0.71034304366471,0.834833733391377,"yes"
0.00993372290665481,0.0887795654879063,"yes"
0.530665947548175,1.35390487680171,"yes"
0.823152016756905,-0.116503998458666,"yes"
0.615619449838442,-0.745428208323876,"yes"
0.569684691194589,0.599065125906629,"yes"
0.290832961451972,-1.428258444991,"yes"
0.760942863915258,1.1349198913668,"yes"
1.21692127269919,-0.9963077640246,"yes"
0.762512641438515,-0.568849417566217,"yes"
0.137859369317,1.00470458435639,"yes"
1.21600199703433,0.351931598247598,"yes"
0.362659918302389,0.44743041913117,"yes"
0.542275076414391,0.739538974440963,"yes"
0.57907979603532,1.00229368630371,"yes"
1.05263056208683,0.861437897629375,"yes"
0.586373021457992,0.349148195263439,"yes"
0.581422333483895,-0.105107007960775,"yes"
-0.182347991267461,-1.1651636512273,"yes"
-0.0122010534645252,0.129368674789367,"yes"
0.166536634788451,-0.944379280161959,"yes"
0.573134696340104,1.43720034562534,"yes"
0.812256877562953,-1.51880357798849,"yes"
0.854164950236911,-0.650078128484496,"yes"
0.496313315624545,-0.0807342130982626,"yes"
0.600220239795787,-1.21843757232812,"yes"
0.893418470615483,-1.05186893898089,"yes"
1.41384433264908,0.576369676495438,"yes"
-0.27130550310217,-0.864012234886766,"yes"
0.25664111699235,0.678014216771161,"yes"
0.79746280703457,0.80550121094433,"yes"
-0.13114591254932,0.687167172209258,"yes"
0.784406970386689,1.04240170280349,"yes"
1.21799112498273,0.689110777023486,"yes"
1.66677228410837,0.934390389310338,"yes"
0.546682992509692,-1.20767364155916,"yes"
1.51442703276415,1.75810196205943,"yes"
1.1995806847011,-0.371072292770587,"yes"
-0.213210438745798,-0.440936290112741,"yes"
1.11249530261513,-1.03816336355147,"yes"
0.885314807136482,1.04687349274064,"yes"
0.822463820902654,-1.99333889642597,"yes"
0.431986458889567,-0.775295636787471,"yes"
0.910702512244704,0.778190766913098,"yes"
0.455898210284306,-0.261316227536121,"yes"
0.988209121704119,0.263090231793824,"yes"
0.0130845566431056,-1.05746845677392,"yes"
1.12776796681834,1.13329814415425,"yes"
0.560148498296226,0.94130257362474,"yes"
0.215161130845938,0.842449840765381,"yes"
1.07066326019402,0.613881963995657,"yes"
0.419628723385589,1.05600452713447,"yes"
1.08582871745231,0.518303756679103,"yes"
0.00420337096954837,-1.20127160754917,"yes"
0.114234996586539,-1.32269080782828,"yes"
0.926325158176121,0.661727015465671,"yes"
0.700171127754847,-0.751694386727213,"yes"
0.108634344115827,-0.608252720863266,"yes"
-0.00426969593094853,-0.250765123381637,"yes"
1.4452119437477,-1.11517392476418,"yes"
-0.469550727190377,-0.125710637097482,"yes"
-0.127325195985766,0.0882823665089901,"yes"
0.454732983620121,0.806433209108934,"yes"
1.1413641049391,1.42667236440001,"yes"
0.401513509912105,-1.04988203395678,"yes"
0.854371411674115,0.309517431938539,"yes"
0.399293145485097,0.266666021185326,"yes"
0.138973514280824,-0.612057338825591,"yes"
-0.225572708284398,-1.74538920458249,"yes"
1.56923664386292,1.09864024514958,"yes"
-0.051986717127706,-0.340030646055325,"yes"
0.984870275090606,-1.34755513554476,"yes"
0.993485285150265,0.129185275377979,"yes"
0.875290409320042,-0.420573250897878,"yes"
0.73530449910236,1.08199062584635,"yes"
-0.075003728218479,-0.864611966805097,"yes"
0.452430445272365,-0.601134617772551,"yes"
-0.0458963702077799,-0.97304571180064,"yes"
1.97262474475866,0.854266203812042,"yes"
0.595267757689866,-1.62280687498527,"yes"
1.24742995787616,0.73657287534629,"yes"
0.211169445763286,0.530637126630659,"yes"
0.846536587573055,0.859749230330604,"yes"
-0.700033580336071,-0.590739642819338,"yes"
0.985995120836463,0.16927364160149,"yes"
-0.446584909347814,-0.605524107615347,"yes"
0.579770059192654,-1.33688461545064,"yes"
-0.281948185278591,-0.472755163984576,"yes"
1.34773738891798,0.582126424490814,"yes"
0.202776070688077,-0.581616376543054,"yes"
0.236784333242156,-0.73230422721476,"yes"
0.565706688628226,-1.10652340757373,"yes"
0.811016400246624,0.282456715960135,"yes"
0.904716946687696,0.574472809519643,"yes"
0.676018274876768,-1.05256125458648,"yes"
1.13667987358207,-0.82270470280061,"yes"
0.94230085525315,-0.295878943238274,"yes"
1.75553396228673,1.29187101484663,"yes"
0.709805621228786,0.59369632235348,"yes"
-0.414068728448509,0.529000430288967,"yes"
1.01275190196973,-0.852242919011757,"yes"
0.910611543670854,-0.162988870184443,"yes"
1.27096258718114,1.39558901384306,"yes"
-0.0985246289670241,-0.324676499926931,"yes"
0.539171951489569,-0.90491708913941,"yes"
0.483978800086872,1.0022853670101,"yes"
0.85887075770506,0.476071207819616,"yes"
1.17633673737307,0.965073751769948,"yes"
0.284717221063784,-0.07535958713556,"yes"
0.560407797728569,-0.739885897436918,"yes"
0.797539433022362,-0.974573940180724,"yes"
0.417513913853309,-2.43416581699652,"yes"
0.613417059898948,1.02147895971871,"yes"
0.561376308007243,0.23725379827922,"yes"
1.24129779889293,0.376851176557103,"yes"
-0.161243061820149,1.40680876682369,"yes"
0.933130612114261,-1.25310452335565,"yes"
1.08481580873042,0.589885889632744,"yes"
0.658275740183176,0.80363461818233,"yes"
1.03154022947163,0.98492511792863,"yes"
0.0934184807502289,-0.744457959635903,"yes"
0.432158669283437,0.0879863391039341,"yes"
-0.100886925668746,0.316780980946061,"yes"
0.73968538841809,-0.205323356898363,"yes"
0.758707402317094,0.442312704554549,"yes"
-0.62988468591789,0.714284266269679,"yes"
0.72548060020779,-0.116161759347219,"yes"
-0.64956877014806,-0.505536590895536,"yes"
-0.0412722507470126,0.807347727456416,"yes"
0.521711190233389,0.946159336290669,"yes"
0.185929101031891,-0.509669937117668,"yes"
0.510682296978358,-1.53627972125133,"yes"
0.736292039524284,-0.356107771955467,"yes"
0.358799993140256,0.169110697926099,"yes"
0.0622835342525367,-1.05893842117119,"yes"
0.990997957064506,-0.728013464042893,"yes"
0.502485226582421,0.402995975664733,"yes"
1.16181009163033,1.12771578788638,"yes"
1.25480771277731,-0.0653729329874926,"yes"
1.24532232061162,-1.46183667059874,"yes"
1.04472416950663,-0.186484144772938,"yes"
0.731926404387882,-0.840976808089756,"yes"
0.406336398646049,-0.343429240843523,"yes"
0.811570860342001,0.628472558941062,"yes"
0.645956922428657,-1.15645886052039,"yes"
1.10186117171031,1.44450275347556,"yes"
0.404457803579463,0.505576564403601,"yes"
0.75092257989733,-0.917064259016395,"yes"
0.817238002190946,1.26896558603864,"yes"
0.594036303912883,-0.274214451421728,"yes"
0.866216200594402,-1.96442834563377,"yes"
0.654628800338571,-1.19108680812388,"yes"
0.620496161467627,1.11881357355092,"yes"
1.33516242973395,0.753831142011771,"yes"
0.890297708925523,0.0312755755984663,"yes"
0.28002168659939,-0.254262933837634,"yes"
1.17443026686202,0.627235045192607,"yes"
0.437394466066156,-0.302588747480307,"yes"
-0.462843965254998,0.838617108044324,"yes"
1.2818866419237,0.287430960122887,"yes"
0.80453342072162,0.730762788092232,"yes"
1.40563108426037,-1.05327175844188,"yes"
-0.302431851660062,-0.00571544226804854,"yes"
0.668874551277804,-1.58990502988449,"yes"
0.979462192718893,0.388845760949655,"yes"
0.971709785239957,1.38925831483081,"yes"
0.301272751881738,1.0514093224611,"yes"
0.724328402800062,0.156219939009435,"yes"
-0.551772199324844,-0.581693264295822,"yes"
0.826657103790807,-0.654981691029674,"yes"
0.83529269103579,0.189172314290211,"yes"
-0.128508510125366,-0.978517956414175,"yes"
0.641829594974197,-1.99970230408122,"yes"
0.160409297206918,-0.355296414375303,"yes"
-0.24641841452147,-0.938408074546258,"yes"
1.04580980575037,-0.46636659449247,"yes"
-0.111285923738823,-0.472417840279133,"yes"
0.99268653570889,0.393278482743957,"yes"
0.323406860342874,-0.688173189156626,"yes"
-0.0103890030572932,-0.668499628790518,"yes"
1.46383862537664,0.60393686280382,"yes"
0.662884140042196,0.648154771798091,"yes"
0.609676148126961,-0.316673856214472,"yes"
0.250138672189699,0.881193210071871,"yes"
0.678009043084782,0.0766604377450764,"yes"
0.669810125032354,0.558121150339731,"yes"
0.528323348847184,0.838844902447149,"yes"
0.930879118863187,-0.425682626341705,"yes"
1.19853984634019,0.828278967075924,"yes"
0.236011140913528,-0.767634415348643,"yes"
1.87612066929858,0.332029726488032,"yes"
0.136017957376784,0.292774758858683,"yes"
1.53478160714552,0.0787019196502682,"yes"
1.48708052835462,0.587706874985289,"yes"
0.183237712260351,0.6302947775085,"yes"
0.639223588622993,-1.64939660191116,"yes"
1.38356447461829,0.338435467194078,"yes"
0.93303853650557,0.661455538359023,"yes"
0.627460854521284,-1.38104507743716,"yes"
1.29764568806742,0.564357136325983,"yes"
0.0374326461428426,-0.866683958983691,"yes"
0.00669266154310072,-0.192540150919144,"yes"
1.44108710921617,0.398931838685407,"yes"
0.341269887883054,0.886214421328311,"yes"
0.970966675891367,0.620691403652252,"yes"
1.62245204928949,0.272706193947048,"yes"
1.11823322040102,1.06797267664213,"yes"
-0.199423287115321,-0.0591561648304255,"yes"
0.727969365060006,-1.14828574772702,"yes"
1.02090294227086,0.185382322903055,"yes"
0.247644428592391,-0.695480559384894,"yes"
0.513948769702731,-0.712271535027096,"yes"
0.304851170851351,-1.11827759845913,"yes"
0.846806972095169,-0.469077047948831,"yes"
0.0657399660191774,0.663286680688086,"yes"
0.00932031904065719,-0.04191985982255,"yes"
1.07946580374054,-0.162636350274362,"yes"
0.586958756819383,-0.153717611981185,"yes"
1.19316160138397,-0.315047173792217,"yes"
0.560705811308259,0.636548124063747,"yes"
0.438826897805027,0.0920897990634835,"yes"
0.301602037345258,0.62122310396744,"yes"
0.591388485617349,1.50361526747773,"yes"
0.258010056098645,-1.36766574595988,"yes"
0.240394580647773,1.50549097598476,"yes"
1.08664721473587,-1.47539185590984,"yes"
1.48307456912033,0.320644537802125,"yes"
0.151476656863328,-1.01588218464214,"yes"
0.081037299893763,0.828697937167767,"yes"
0.427736740472891,-1.67683527261448,"yes"
1.89660055918741,0.340859636061214,"yes"
0.403911791771907,-0.562357504907841,"yes"
0.208851325694647,0.718767302918987,"yes"
0.448894735512252,0.464995800016465,"yes"
0.932505606771041,-0.65898566681722,"yes"
0.0818025445647972,-0.52359193579898,"yes"
1.29583178079936,1.28731680556611,"yes"
1.03772230942967,0.611176366103823,"yes"
0.473014902900066,-1.11554855745444,"yes"
1.51953445156535,0.985482011369528,"yes"
0.805164092581594,0.0648394653216417,"yes"
1.44691990563592,0.160822161666607,"yes"
0.853326509104502,1.00357226699284,"yes"
-0.292222719955189,0.629038612472792,"yes"
1.19849545580844,-2.01390252747146,"yes"
1.95278325479193,-0.0992958257594321,"yes"
0.0521182999211789,1.16245185748889,"yes"
0.407217967411096,0.583950268445311,"yes"
0.650556846777539,-1.6206586661955,"yes"
0.645182216837901,0.936646903751911,"yes"
0.663238865114753,-0.85226599236342,"yes"
0.358826222290506,-0.0834038406216097,"yes"
1.349781505563,0.368879991619653,"yes"
1.00235993155707,-1.0681701385425,"yes"
0.794708291441209,0.75921570315115,"yes"
1.0092745111707,0.481247111648147,"yes"
0.855852443246149,0.322581476131284,"yes"
1.09625544371814,-1.01796468300478,"yes"
0.125237733800091,-1.12513254263697,"yes"
0.976087137714578,-1.52206156430667,"yes"
1.29276229612228,1.10087240649784,"yes"
0.178872452202239,-0.768179016855909,"yes"
1.46301395749009,0.90254311322854,"yes"
0.111459192980649,-0.220952855428366,"yes"
0.449954319110589,-0.718492813791778,"yes"
0.240014485050112,0.783105345267011,"yes"
0.302365809074322,0.570969865375254,"yes"
0.598019836403696,1.2009960786531,"yes"
0.718664764828309,0.544082670765085,"yes"
0.719824634629007,0.178827813288672,"yes"
0.491406593799499,-1.22390244874269,"yes"
-0.601808521261074,0.688523703216858,"yes"
1.05458351724192,0.317152225486332,"yes"
1.0750118325387,-1.30345458859898,"yes"
1.18526035112384,0.904913227507195,"yes"
0.333382007871089,0.212708395982637,"yes"
0.594069892509555,-0.306377488766666,"yes"
1.1506990112668,1.1200520046348,"yes"
0.499915552984424,-1.68817205121503,"yes"
1.68696976995824,0.866324201935262,"yes"
0.0561374897060339,0.632319601880938,"yes"
0.221233088392686,-1.28615817944771,"yes"
0.635727737249414,-1.68122012829575,"yes"
0.00826188718306442,-1.15159928483777,"yes"
-0.29136583178469,-0.272432707173536,"yes"
1.34327277864852,0.482036518600331,"yes"
0.852371102561578,-0.464686152876622,"yes"
0.377591811581495,0.943914397093617,"yes"
-0.0976557735082942,-1.24054377569408,"yes"
0.0400608174957735,0.79750298550403,"yes"
1.51505248042733,0.774927066943667,"yes"
0.280528146854691,-1.07363856336235,"yes"
1.4299599141513,0.870938319057299,"yes"
0.578226717973572,-1.02144971891632,"yes"
0.846219222217097,0.42847093358048,"yes"
0.825943895856987,-1.14271542475061,"yes"
0.769162924045082,1.34219214318891,"yes"
1.14816685693714,0.564795479844983,"yes"
0.988480605658279,-1.63277952763707,"yes"
0.858001281400999,-0.747307232850358,"yes"
0.320362356089227,0.262650125243074,"yes"
1.6085965330174,0.665192599347342,"yes"
0.980157016065714,0.964180581728527,"yes"
0.905993554471434,0.497490321785543,"yes"
0.711713198265903,-0.908997439170488,"yes"
0.564501326577562,-0.130808977710877,"yes"
0.925949957132193,-0.707142100433219,"yes"
0.588608196263784,0.0666224849145639,"yes"
0.633804439599956,0.644802325063044,"yes"
0.0871965243280483,-1.64527799624927,"yes"
0.506897136433723,-0.73463309695165,"yes"
-0.198958956335325,0.387070208529798,"yes"
0.638788623663582,1.14403910383935,"yes"
0.164283321889042,-0.75789743716783,"yes"
0.729430819244646,1.05582749147117,"yes"
1.38222191133894,1.10516595761345,"yes"
0.294637311974407,0.414285698258321,"yes"
0.152782543683848,-1.31909765271956,"yes"
0.899992273594207,0.264114799808558,"yes"
0.95432839375861,-1.27820579115989,"yes"
0.412233387595927,0.693810471495992,"yes"
0.237482304619201,-0.993586958568421,"yes"
-0.344631756570063,-0.0794671273216361,"yes"
0.828249703778097,-1.30421021440326,"yes"
0.870935790758749,0.736062576417952,"yes"
0.975095694440514,0.593577828037792,"yes"
0.694794172653152,-1.14729927700236,"yes"
1.1062589939885,-2.17424941265144,"yes"
0.88942253596152,0.654674118189725,"yes"
0.0389837564541294,-0.902661300755035,"yes"
0.133597367470389,-0.359531848676619,"yes"
0.796944025969422,-0.219604745773941,"yes"
0.268732658977152,-0.336017854679566,"yes"
0.374208736163121,-1.05711813424723,"yes"
-0.919884020876908,-0.959414871823148,"yes"
1.8904114602351,0.944720209171644,"yes"
0.411247556995151,-1.27255800012326,"yes"
0.459624124097213,0.113539449076569,"yes"
0.73797551175411,0.925009230463641,"yes"
1.02807502064498,-1.162218048428,"yes"
0.268597370677063,0.421808717116518,"yes"
-0.0656490753760506,-1.50124848118575,"yes"
0.623028364847829,0.70611745569599,"yes"
0.228581062274983,0.78143011443277,"yes"
0.807918204101571,0.895688635736094,"yes"
0.178052089883925,-1.09149362064541,"yes"
0.542497727612296,-0.52392712256168,"yes"
-0.515621941744175,0.675422722001731,"yes"
0.57914362780768,1.12984581639562,"yes"
0.505630696529297,0.530542579443661,"yes"
0.757908636318606,0.808407546083269,"yes"
0.521503422396233,1.11665016168137,"yes"
1.09410617256971,0.676089922496039,"yes"
0.0804213544654662,0.877780401421079,"yes"
0.655812799794468,-1.48547282325487,"yes"
2.0832362164928,0.206503891794581,"yes"
0.0316186420999071,0.102657255497465,"yes"
0.839915478927761,-0.535869063314007,"yes"
0.405529406660726,-0.468565044069053,"yes"
1.16019655142124,-1.85991961026121,"yes"
0.514646443603123,-1.28871265743941,"yes"
0.341537103311989,-0.466744845675165,"yes"
-0.296602638343551,0.121897304779946,"yes"
0.0338239770161233,-1.17189514760767,"yes"
0.956714336316534,0.0876386969089143,"yes"
0.549063643082852,0.210284728988155,"yes"
1.40075977689373,-0.0959621007196256,"yes"
1.04715589140014,-1.00197022720165,"yes"
-0.336830315449489,-1.27600502211303,"yes"
1.24623311117509,0.093007198847902,"yes"
0.55138824975367,0.797061486938229,"yes"
0.968559761533214,1.25315143154355,"yes"
1.02335012783878,-2.04304561205837,"yes"
0.0250970741227741,0.948997359371283,"yes"
0.77040712787569,0.807152360094372,"yes"
0.916779351849265,0.605834441538333,"yes"
1.04127675045618,0.806263105104509,"yes"
0.332157113242849,1.22369968626641,"yes"
0.830271565551171,0.403011353994574,"yes"
0.745723195224569,0.864329039447924,"yes"
0.247101168883956,-0.898160492090338,"yes"
-0.661922916154958,-0.201958525875113,"yes"
0.337907694034803,-0.397071383618364,"yes"
0.389817065648415,0.780464215149144,"yes"
1.0539229133425,-0.758058843419975,"yes"
-0.488941514933803,-0.248828132397546,"yes"
0.579034382095611,-0.872395335443285,"yes"
1.01240974457339,-1.38344253874526,"yes"
0.215310701340565,0.379079200974689,"yes"
0.903411454088411,-0.981137628854629,"yes"
0.844891389578753,1.04245477289871,"yes"
0.691863281558819,-1.14864872879234,"yes"
0.55679364530279,0.828951366794142,"yes"
-0.2559163019055,-0.0157252175495258,"yes"
0.471488874028532,1.13954820073815,"yes"
0.0931407366727029,0.736831526137256,"yes"
0.982287227016804,0.446229038341761,"yes"
0.272731738150817,-0.913353799881015,"yes"
1.48681157154562,0.949476937930506,"yes"
0.503702119572106,-0.177747965768172,"yes"
-0.443208150479448,-0.62844127661937,"yes"
0.226918437312736,-1.76429320256056,"yes"
0.942867931233128,0.767100841613925,"yes"
0.477746374567164,-1.11168854325797,"yes"
1.56811827853328,0.589047626518144,"yes"
1.00268183476812,1.12026301339659,"yes"
0.690084852868926,0.543346333666729,"yes"
0.0672826969159099,0.380340372192431,"yes"
0.829926910809057,0.907882805767648,"yes"
0.184662316232002,0.271035196784117,"yes"
0.788937739931603,0.428313322525842,"yes"
0.8113879979813,-0.030549796284592,"yes"
-0.0508272400024673,-1.3681100278181,"yes"
0.384481288962922,-0.559008212332243,"yes"
0.503505010072847,-1.35267497372683,"yes"
0.725432498692206,-0.00795192656097476,"yes"
0.882531150513169,-0.468965153191351,"yes"
1.09911406417174,1.04318596346971,"yes"
0.925717234104146,-1.62312680039985,"yes"
0.0320800974870829,0.498100642221032,"yes"
0.262933493804526,-0.774446980223717,"yes"
0.0758357113216415,-0.907806270205156,"yes"
-0.256196312468089,-0.183713942348298,"yes"
1.16101418273817,0.71776472430293,"yes"
1.13324644625236,1.09800169222348,"yes"
0.68824460469564,1.17580610808899,"yes"
0.119124236509503,0.627700461000284,"yes"
1.48842620748035,0.79397139404868,"yes"
1.08430300219279,1.98830324388501,"yes"
0.893747128569047,1.04944716707023,"yes"
1.4585709963025,0.812905972115494,"yes"
1.13633276694657,0.241944077832787,"yes"
1.53226888176021,0.576615775610199,"yes"
0.0123279137897775,-1.33396889933376,"yes"
0.17483260098912,-1.08428912170174,"yes"
0.206737923477353,1.9814813244372,"yes"
0.0125829663911658,-0.83787181701065,"yes"
-0.0112223709255206,-0.521598464322151,"yes"
0.75565748941991,-0.768667702039983,"yes"
0.569414088921904,-1.02766443622534,"yes"
0.594194126351156,-0.188890569794073,"yes"
0.633924633723547,1.21270748121603,"yes"
-0.117177241893684,-1.23722226067771,"yes"
0.90509200890243,-2.01415116463967,"yes"
0.282366131354133,-0.644633869413788,"yes"
0.901223635617957,1.33004470557804,"yes"
-0.211042304019776,-1.09051273659681,"yes"
0.5937566006763,-1.08609411805287,"yes"
0.750024408547662,0.52301648392265,"yes"
0.381085269085398,0.584773043510728,"yes"
1.07289600713184,-0.284863978789879,"yes"
1.0282245203772,1.21185585105512,"yes"
0.674386539008301,-0.775791547385968,"yes"
1.14118923307577,-1.80102840317019,"yes"
0.793586814026229,1.07580786796867,"yes"
0.796330732853256,0.527110252872406,"yes"
0.579279991208661,0.244759538104602,"yes"
0.199146511714316,-0.0611321520470398,"yes"
1.37529273016691,0.25006628566726,"yes"
0.187751364565974,-0.588644618349085,"yes"
0.779012130062936,-0.0807372811937261,"yes"
1.14458928007931,0.149490060961565,"yes"
0.383637295586835,-1.99399519106512,"yes"
0.775540977827538,0.647869599306627,"yes"
0.319581557411173,-0.790616470709248,"yes"
0.948693095153784,0.582785381395129,"yes"
0.0937936350341055,1.06409011273669,"yes"
0.377878228309489,0.630832281711964,"yes"
1.26967187526185,1.36216772115734,"yes"
0.0131766366089284,-0.0404873261842619,"yes"
0.473434670245647,-2.05884366489142,"yes"
0.376538214161221,0.414351260733634,"yes"
-0.353510741822127,0.239320959234823,"yes"
0.681949730023495,-1.01735070991384,"yes"
-0.476835385102345,-0.223519412924539,"yes"
0.245521833774045,-0.299184655874647,"yes"
0.29665812973751,-1.02628453986042,"yes"
0.0633377295755239,-0.656036096682534,"yes"
-0.382263561010477,-1.1062869291814,"yes"
0.277000527635128,0.462372554757258,"yes"
-0.281333551824765,-0.623673732859076,"yes"
1.24476370958977,0.786210930285087,"yes"
1.51423352019971,-0.42010656605919,"yes"
-0.257065289258208,1.0134853562831,"yes"
0.508345223627267,1.14187273629597,"yes"
0.696213234877343,-0.348758552585723,"yes"
0.680164073114553,0.318950741210453,"yes"
0.633216586359151,-0.361867689431432,"yes"
0.0141820052866541,-0.786141711576451,"yes"
0.712416658893994,-0.571318346936874,"yes"
0.234884194637122,1.24738834771497,"yes"
-0.488456647888318,0.158843991281324,"yes"
1.62489239734763,-0.744814444594322,"yes"
0.681470866016961,-0.0615565099108409,"yes"
0.0851267037114056,0.193935984733226,"yes"
0.0950266737102428,-0.33317306261669,"yes"
1.02151696981095,0.0767029841144438,"yes"
-0.871711041170265,-0.0078313351322179,"yes"
1.34275236763311,0.757175224998123,"yes"
1.12076135418094,1.01152040770804,"yes"
1.31909260523037,0.677600197486986,"yes"
0.608536060233084,0.490394044603229,"yes"
1.18427028196699,0.483169632961185,"yes"
0.150011009709992,-1.27844527157086,"yes"
1.38962642221874,0.109070436719578,"yes"
0.422272801076482,-2.03607729226844,"yes"
0.0378199536582975,0.0402787085185887,"yes"
0.954862672822118,-1.37539490962432,"yes"
0.0105277074181922,-0.908761509940153,"yes"
1.89759838038535,0.857388588688578,"yes"
0.154592968830161,-0.417037296841567,"yes"
0.0621790732192526,-1.08118525204053,"yes"
1.43782792091043,-1.29861823047358,"yes"
0.0932967780756587,0.284865430891524,"yes"
-0.260838965185434,-0.428105363733317,"yes"
0.36955392620208,0.756224023354615,"yes"
0.630229035816242,-1.62721508581485,"yes"
0.447158197607782,-0.727519713362991,"yes"
0.909016297140134,0.84085438835842,"yes"
0.516540280722805,-0.476717110862558,"yes"
0.0710694201628959,0.436773809204286,"yes"
-0.197811649500038,-1.67370328125363,"yes"
0.690795840967713,-0.148803660218765,"yes"
0.647989352222166,-1.4554209371168,"yes"
0.446556629134776,0.299548663461122,"yes"
0.0980053256754703,0.4697962098254,"yes"
0.148782011762311,-1.57504715868256,"yes"
0.678089345632682,-0.499080929670079,"yes"
0.70897394410145,-0.626544584556739,"yes"
0.170537824289263,-1.40980340370967,"yes"
1.72586123056213,0.0910816676425303,"yes"
0.417957422483154,1.04966053569239,"yes"
1.3628702382949,-1.59402277926161,"yes"
-0.202617651646879,0.255599626512686,"yes"
0.962327670187188,1.29221513071674,"yes"
1.71808055200516,0.764814226506408,"yes"
0.470952233684081,0.433561774413366,"yes"
1.25963453533331,0.359323745155085,"yes"
0.177318216030184,-1.28108117801585,"yes"
1.05775326116628,0.428990851980022,"yes"
-0.534613769296188,1.36795845661343,"yes"
0.467720026797509,0.47871538845487,"yes"
0.291295938660869,-0.282937119650666,"yes"
0.0406721102372441,-0.271063282631736,"yes"
2.47686727424001,1.17138690188866,"yes"
1.53224668298933,0.780157945771094,"yes"
0.762356983933555,-0.82580661926717,"yes"
0.451259010915188,0.214950668553724,"yes"
1.09540229443842,0.43453834193445,"yes"
0.351133988869032,0.549321235259742,"yes"
0.435715412695395,-1.99864084780271,"yes"
0.861505775748482,-1.12954916000164,"yes"
0.379365070408173,1.30734258112253,"yes"
0.628988951514426,0.972317495238102,"yes"
-0.0118550786564144,-0.0713592867909354,"yes"
0.141141085775851,-1.22063228083142,"yes"
1.90737116390051,0.860303051571236,"yes"
-0.22592013054635,-0.562340747717427,"yes"
-0.538803466825118,-0.40155711859398,"no"
-1.46329521457719,0.788588204567111,"no"
-0.260760342442028,0.137238681416178,"no"
-0.533990538677714,0.7204964416185,"no"
-1.77167044597929,1.7397834827721,"no"
-0.958154096350517,0.73500542977201,"no"
-0.893509799096674,-0.140266583344206,"no"
-0.748056872313604,0.900577744747425,"no"
-0.270356868882452,0.082636313582318,"no"
-0.191045911822615,0.0232459707914158,"no"
0.119405276569825,0.697085219916738,"no"
-1.56187740694685,0.735097351676501,"no"
-1.35256631428763,0.610706041081467,"no"
-0.0201978795285043,1.37781854166675,"no"
-0.652201525444591,0.908559478933307,"no"
-1.57674201697507,0.346909926369661,"no"
-1.44696204741245,1.70845843968904,"no"
-1.08144947294751,0.883457805797194,"no"
-1.00913273750739,1.21542018607193,"no"
0.42675796721683,0.550273286762047,"no"
0.884846217666903,1.44315694614525,"no"
-1.70080254680796,1.58911473946794,"no"
0.433898983212465,0.662464111208928,"no"
-1.08113356780355,1.16701165543879,"no"
-0.408227011277608,0.358829720924205,"no"
-1.18751896706082,0.188684755113585,"no"
0.335991718692072,1.03809509845285,"no"
-0.845219196760275,0.689319531451435,"no"
-0.479825989600254,-0.787658264052819,"no"
-1.10851073744389,1.95640504019739,"no"
0.256301519045005,-0.44742503059363,"no"
-1.35880557247618,0.2137030703651,"no"
0.587112702903713,1.29117559033601,"no"
-0.0675661005565349,1.03716890221099,"no"
-0.56004404919783,0.149998493209338,"no"
-0.730104923438241,1.73577858475732,"no"
0.282510347527729,-0.409190009827398,"no"
-0.131668594659976,-0.56449423772249,"no"
0.388721343203719,0.949737693892328,"no"
0.0411930072072277,0.415501457081004,"no"
-0.83034089145857,0.316259323271975,"no"
-0.816422339239151,0.537509120565978,"no"
-1.05956263366983,0.634539435451512,"no"
-0.677659186679745,0.704586605295495,"no"
-0.446785805139382,-0.787832950670103,"no"
-0.869401642552378,-0.184428323339847,"no"
-0.135353208118373,-0.867187792002341,"no"
0.227570980498778,0.107798593500089,"no"
-2.03237135016572,1.18637673310992,"no"
-0.0762694958212601,-0.731207485968096,"no"
-0.815890663227723,2.60858587983666,"no"
-1.90769189491161,1.15738427639805,"no"
-1.38455508180716,1.36913334569492,"no"
-0.119490268598325,-0.468706572392241,"no"
-0.245561339554093,0.905434211836912,"no"
-1.18619552211663,-0.376052124243049,"no"
-1.18096050278512,0.834133076129095,"no"
0.0929383434610374,-0.565592814926036,"no"
-0.622485907024144,-0.548463497261998,"no"
-0.551051166352244,1.74262627592593,"no"
0.23826172498774,-0.893283236283157,"no"
0.701049682033592,1.08898159722925,"no"
-0.567055385350991,-1.0414677236345,"no"
-1.16906739929492,1.00068182716524,"no"
-0.534372536823156,1.45495231021364,"no"
-1.32718975459693,1.48250925550111,"no"
-0.478122427914174,0.320193753842281,"no"
-1.41001601285837,0.908343349051559,"no"
-0.975787521531877,1.23092767756397,"no"
-1.8378950084228,0.846848243769421,"no"
-0.169768060882019,0.77206530425728,"no"
0.174566108139595,-0.825894044447926,"no"
-0.597260059324163,0.00511211622036145,"no"
-0.896889363799915,0.556359082647651,"no"
-0.823959571471382,1.00699559409338,"no"
-1.73778508418871,1.38350755762011,"no"
-0.486429899373127,1.60510319344478,"no"
-2.29016435326113,1.05024254165455,"no"
0.426677388848412,0.757581537645014,"no"
0.539721570396234,-0.707376704413949,"no"
-0.909676218794583,1.98004147923217,"no"
0.329065621022034,0.701066809688765,"no"
-0.439320042939539,0.253034431537192,"no"
0.280632060172003,1.73978849566736,"no"
-2.04843216407019,0.518792688269593,"no"
-1.19515441885688,0.970193458998255,"no"
-1.87956954995038,0.996276315756712,"no"
0.26949911570619,-0.805754367142114,"no"
-0.833757954506352,1.10634003085925,"no"
0.0999007778718356,-0.0103283188406446,"no"
-0.323821152945506,0.0383145106272975,"no"
-0.272429799019592,0.504516252768417,"no"
-1.2311681770874,0.0146313531515834,"no"
-0.939998854988631,0.270750046948117,"no"
-1.17096264718574,1.60096857449697,"no"
-1.81701633042877,0.342179239981232,"no"
0.265755442889927,0.727219261522136,"no"
-1.0492542464074,1.35771558964151,"no"
-0.557729442802612,-0.103802950919839,"no"
-0.0462336425749115,1.05681702349253,"no"
-1.38984515030238,0.887995304160283,"no"
-0.24742354204608,0.296018274692003,"no"
-1.09684856989614,-0.0466098062772805,"no"
-0.584306502807408,0.426779720416543,"no"
-0.147698701909844,0.886795114899047,"no"
-1.00041679746904,1.2743534925735,"no"
-0.210864269188472,0.754360344285447,"no"
0.0982008691965228,-0.602589173870189,"no"
-0.805789258148346,1.43164458213234,"no"
-0.898194738000316,1.15369256259247,"no"
-1.63786373341046,0.0818691421503331,"no"
-1.79937779391501,1.07321944063134,"no"
-1.23263308461715,0.273538679068212,"no"
0.108507531774935,1.2174813339471,"no"
-1.93179947254301,0.806360002100711,"no"
0.57652995884436,-0.54141542595464,"no"
-0.763370368556898,0.64430565323045,"no"
0.304276069671636,1.10016334860916,"no"
-0.944795123373487,0.665576722678644,"no"
-0.75054592913421,-0.134407769428398,"no"
-0.724454362324091,0.442481969171359,"no"
-1.35088162263224,1.6658644546084,"no"
0.176965870444369,0.459658323291426,"no"
-0.657069013936094,0.706559367649397,"no"
-0.596441162928045,-0.389983350269608,"no"
1.08422282385255,0.367395210921245,"no"
-0.549511240320903,0.388157787338407,"no"
-1.83835714021946,0.716634631228738,"no"
-1.17311605997357,0.399355251472334,"no"
0.356929203112224,0.566241881489235,"no"
-1.19990993727195,1.62494094605589,"no"
-1.1370431820491,1.41571597356401,"no"
0.29841539156304,0.0481864333120707,"no"
-1.44003364756964,1.19194480002778,"no"
-0.362795787629296,0.684604127928407,"no"
-0.238550211095107,1.42539543087761,"no"
0.685440255739663,0.582638251109593,"no"
-0.167869702325132,-0.542361477089925,"no"
0.8014054916346,-0.258799405892816,"no"
-0.155285317447105,0.526024337303536,"no"
0.0349545106598721,1.56635219940763,"no"
-0.154818711032569,1.04852805599436,"no"
-1.28596345181551,1.73945014620526,"no"
-0.255512062458005,1.51034192819847,"no"
0.755418759595083,0.851278554762203,"no"
-0.309113724765426,-0.611587427188347,"no"
-1.7716604623984,0.672392433902036,"no"
-1.06507724994493,0.762755979424573,"no"
0.562976400507706,0.670555781794508,"no"
-0.15395973103231,-0.895515212091042,"no"
0.841938851417238,0.126369730596067,"no"
-2.03461845500391,0.891584203250122,"no"
-0.425193399549378,1.33743660755772,"no"
0.334213741947901,0.561601140311168,"no"
-0.592208783133489,0.944499526239636,"no"
0.0751564111342353,-0.590829662137005,"no"
0.776424304892431,1.58748782429976,"no"
0.688748526168378,0.868695088464244,"no"
-0.335080154446807,1.11746934077218,"no"
-0.788927937157694,0.695684095603438,"no"
0.541794051653587,-1.14546333822158,"no"
-1.62876502616494,0.219551878292665,"no"
-0.877205269776555,0.571401791264814,"no"
-0.781684756431987,1.66279379074171,"no"
-1.1266671488501,1.95653756662483,"no"
-0.345804497670723,0.728725085019963,"no"
-1.69572657488054,0.40215761796489,"no"
-1.28427645727524,1.3009108631331,"no"
0.304599172237489,1.15360866123624,"no"
-0.248415702217232,1.47021828686654,"no"
-0.598428975009773,0.68246361030047,"no"
-0.407313337893068,0.142914630251468,"no"
-0.574380786308562,0.316994373358819,"no"
-0.908391903111439,0.692811057992683,"no"
-0.0469712804903683,-1.19264224414826,"no"
-1.08044556566177,0.0888251056629747,"no"
-1.24287990524324,1.28558142500793,"no"
0.927542256915502,0.995534587272688,"no"
-0.955444768395961,0.447653686950282,"no"
0.097337142307642,-1.3929899261143,"no"
0.38511884221961,0.779462740061466,"no"
-1.3847007576878,1.47608244390862,"no"
-1.66226815356943,0.601489812525853,"no"
0.515263312416516,-0.929753411070297,"no"
0.188743719919215,-0.569965889449043,"no"
-0.438785836665781,0.837287887520883,"no"
0.510256236119612,0.398669088905352,"no"
-1.12666534469314,0.464791037419152,"no"
0.371977299305437,-0.340634350736815,"no"
-1.77043512179978,1.33637592973066,"no"
-2.51319480254429,0.73830845284552,"no"
-1.16271851788733,0.335239126615653,"no"
0.524966527438061,1.21358615345586,"no"
-0.942185534855134,0.0150017327550068,"no"
-0.288908939466157,-0.616906411757456,"no"
-1.22338919509779,0.704225347825401,"no"
0.00767760305138485,-0.403097297344182,"no"
-0.134793201215979,0.95023905658378,"no"
-0.096180036095194,-0.887409342340431,"no"
-0.91550384182224,-0.522050211327883,"no"
-0.823227665126062,0.104544275196795,"no"
0.930631369849684,0.638495147749987,"no"
0.174076408684095,-0.551492309384838,"no"
-1.48658318267934,0.65168684555106,"no"
-2.22034579502774,0.540570802308925,"no"
0.276712905355616,0.498739280336887,"no"
0.285144017606755,-0.22678692714541,"no"
-0.400770077448868,0.696401877343773,"no"
0.146011979240244,0.829082700258671,"no"
-1.52935381974421,0.916292196793093,"no"
-2.00658223447218,1.86891328888957,"no"
-0.00638791572255357,1.1706838710405,"no"
-0.112783258005049,-0.179290413218913,"no"
0.404278023180809,-0.453165022031015,"no"
-1.36716176830092,0.224201977066681,"no"
-0.234832304204018,0.159926115704604,"no"
-1.03895932332422,0.216258516835962,"no"
-0.684256659323265,-0.368142087521578,"no"
0.170036868301757,1.07126191255984,"no"
-1.49660449345817,0.214673452744649,"no"
-0.3340862648613,0.525303281813285,"no"
0.49168144699498,-0.338435177784527,"no"
-1.5502561479544,1.10338035790288,"no"
-0.316722962376727,-0.790456949145695,"no"
-1.39668272615022,0.137488617421862,"no"
-1.11074983023101,0.514114296955474,"no"
-0.929461519540583,1.33864993356094,"no"
-1.31232263987268,1.66240213262724,"no"
-0.768625906440769,0.593500318381721,"no"
-0.331717104636493,1.41983787915846,"no"
-1.51270249669874,-0.266455300370267,"no"
-1.57136800669062,1.83354990169133,"no"
-0.124909937401861,-0.594420888920204,"no"
0.167351587917605,0.567232912497937,"no"
-1.40914021971834,1.25187132168074,"no"
-0.562400170204186,-0.0114666720266057,"no"
-1.59867703024295,0.0222404094544031,"no"
0.373160583617929,-0.61655949379319,"no"
0.543158317962735,-0.733864340890401,"no"
-1.00254965588538,0.210803494121275,"no"
-1.68921909788745,0.96061422339195,"no"
-0.462824559784727,0.610202063428083,"no"
-1.04391878411671,0.509034175086937,"no"
-0.143614984016424,-0.825579582462451,"no"
0.211543950386089,1.11027402801322,"no"
0.85064530201373,-0.253682165669946,"no"
-0.520246497450093,-0.487053964501786,"no"
0.99942506310272,1.15841874260887,"no"
-1.71784048770114,1.51642696318372,"no"
-1.20045003986414,0.159962842092945,"no"
-0.676034982993162,0.811032551615339,"no"
-1.78211391816805,1.62530320230465,"no"
-0.288989635155489,-0.713532018797664,"no"
-0.725175631607765,0.948139645764655,"no"
0.174718639129382,0.283648008881135,"no"
0.00208917307681662,1.38260465751373,"no"
-0.316838800951826,1.11214818522443,"no"
-1.24492033432781,0.795102498302841,"no"
0.0115202717045264,-0.653229722554994,"no"
0.553976216083805,-0.599515938296861,"no"
-0.732792691893648,0.405396414480285,"no"
0.397601422485385,0.749174085545278,"no"
-1.23461985193457,0.703340753593721,"no"
-0.829122799630329,0.626194206847082,"no"
-0.0921315240619545,-0.229351176677261,"no"
-2.00084488939852,1.02189446344968,"no"
-0.517104166771548,1.27960185276253,"no"
-0.0531255224889889,-1.04127823821629,"no"
-0.420079987009584,0.780031898742493,"no"
0.28169151721471,-0.431799173215269,"no"
-1.02372369524268,0.712848423228137,"no"
0.538676752910523,-0.186571511924772,"no"
0.147476803381736,0.928008750163174,"no"
1.01004610198216,-0.28765908082962,"no"
-1.24800438606781,1.61494028135848,"no"
-0.229120331449889,0.621377225538784,"no"
0.0060343690990285,-1.34275661329959,"no"
0.479587850246268,0.20267534747805,"no"
-1.84639828944213,0.948886361105187,"no"
-0.655925403285249,-0.169265914487674,"no"
-0.0938763825630785,-1.28712196018133,"no"
-0.843673925441731,0.0755021288183189,"no"
-1.40112971059153,1.85719603414508,"no"
0.0455215839693882,0.702535789289242,"no"
0.261941086239526,0.0317160943471586,"no"
-0.626882717268197,0.286210971301809,"no"
-0.954624699549357,0.68094339797043,"no"
0.994543119643088,1.11335645184846,"no"
-0.61937248785717,-0.37319893427901,"no"
0.357984401468028,-0.800924672732293,"no"
-1.27859315733956,1.09451560484325,"no"
-0.364490227996632,0.294150354210463,"no"
-1.32764608125517,1.207269698501,"no"
-1.09918294001116,0.74899707301725,"no"
0.161753517252578,-0.128262737192075,"no"
-0.223938976586088,-0.525951219094355,"no"
-0.090681627285048,-0.368955636443625,"no"
-1.17308642480967,0.383382090790624,"no"
-1.37393293301018,0.778716223792852,"no"
-0.854500218158234,0.752729223717916,"no"
-1.43587237612807,1.07679756371702,"no"
-1.70860260399176,0.379566760293681,"no"
0.383374580795871,1.12823162849663,"no"
-2.13381156370199,0.81997420822959,"no"
-0.125300138026605,0.332204239785628,"no"
-0.921357905812295,0.771583851127818,"no"
0.340318460758009,-0.230285949367553,"no"
0.0696384625455609,0.0284713152573584,"no"
-0.497728499302602,0.329058041586569,"no"
-0.447053409682836,0.0140446588052858,"no"
-0.583225315853771,2.0294249497242,"no"
-0.272346945821693,-0.665019715660733,"no"
-0.235888679382662,-0.598290784231014,"no"
-0.523447157341481,0.855156393807342,"no"
0.371619371978567,0.181095392576606,"no"
-0.0692820399774876,-0.567779556164255,"no"
-0.350202802015375,-0.682150240616869,"no"
-0.549494245518307,0.406685825765027,"no"
-0.471544969635518,-0.428029805338577,"no"
-0.806573126997125,0.417182176434421,"no"
-0.893399919157253,0.398429178648719,"no"
-1.27366357453223,1.93961862525037,"no"
-0.756478256725594,1.85771855450511,"no"
-1.66007282413816,1.16887207274563,"no"
-1.63568323763917,0.386884540323155,"no"
0.0404803445843472,1.37045381738716,"no"
-0.190031411773408,-0.430633331160534,"no"
-0.907861346951258,1.15832618822849,"no"
-0.133083078373154,-0.0373871907115143,"no"
0.139627093332909,0.409729546122791,"no"
-1.43500076816766,0.92977728664277,"no"
-0.296649108440392,-0.226839462491842,"no"
-1.60185712635373,0.972774486828212,"no"
-0.628268243674746,-0.813771253981844,"no"
-1.15135277537724,0.161892933665868,"no"
0.536066334933081,-0.351057273859564,"no"
-1.2344216245831,1.12710938620366,"no"
-0.113133527020484,-0.607817942923002,"no"
-0.692721276329059,0.621027181762128,"no"
-0.00250425985327335,0.429330166262891,"no"
-1.87586068095084,1.04278694834213,"no"
-0.0869324341041105,-0.287523565893905,"no"
-0.540319119023025,0.429647698646011,"no"
-1.06380757483675,0.200217120656402,"no"
0.684252389969368,0.626157351837915,"no"
-1.59496286730059,0.815074171620666,"no"
-0.399927438567209,1.07526808255436,"no"
-1.39832468960963,0.666573448148901,"no"
-2.02791479917806,1.01495718133766,"no"
-0.0430796155793532,-0.485489236291424,"no"
-1.31042770401033,0.588873362214863,"no"
-0.812656405765712,1.10766130911437,"no"
-0.817362309013868,-0.344067949094246,"no"
-0.582763490982102,-0.465402114572278,"no"
0.667455558618442,0.343166077126435,"no"
-0.804200584067634,1.25300300128268,"no"
-1.76798817808989,1.47171449856534,"no"
-1.22582726551162,0.203126128558927,"no"
-1.92692485467458,1.03041533714111,"no"
-0.173500769594145,0.0360331913756403,"no"
-1.2918049236153,0.419046279635999,"no"
-0.362599161977807,0.716293299834384,"no"
-1.13834921921833,1.14334363960916,"no"
-0.575599721494123,0.906008337405013,"no"
-0.132238209519603,0.282504782889619,"no"
-0.208612795993986,0.317938961032154,"no"
-0.33083377726225,-0.202141703418978,"no"
-1.25118969687261,0.176595875689435,"no"
0.480979068337632,1.6104801062435,"no"
0.252723543249022,-1.24909990801894,"no"
-0.715672404426468,0.667805394626761,"no"
-1.15343583204803,0.778292861840401,"no"
-0.00593039506449735,-0.643837044485513,"no"
-1.77884707623559,1.02511322857682,"no"
-1.31259905008843,0.512594631137419,"no"
-1.51497258905149,0.5151295343244,"no"
-1.39069003477238,1.75941102615382,"no"
-0.195262862643643,0.137004487413163,"no"
-1.4598006661452,0.0309327213919954,"no"
0.189258985286176,0.010561970602955,"no"
0.200340541578085,1.29907656105522,"no"
0.611940243696596,0.187405947379297,"no"
0.678855632802247,0.411345199783682,"no"
-0.400923122805742,0.0928463794627126,"no"
-0.37495405978806,0.0293921461981068,"no"
-0.804503024410128,-0.021598104576234,"no"
-0.423362856433861,0.442621279503689,"no"
-1.36392617332313,1.25895832375941,"no"
0.43142609402975,1.3964347796217,"no"
-1.27459385969508,0.474405031012334,"no"
-1.05346571010033,1.46240884934885,"no"
-0.119128328008465,1.69610300315329,"no"
0.0354948444894239,0.533100456747307,"no"
-1.49319680820928,0.187178940750675,"no"
-0.870050806783826,0.403511433498266,"no"
-0.156978021009924,0.594903780121099,"no"
-1.02980704861266,1.5847390312529,"no"
-0.518493913975188,0.270223460689849,"no"
-0.273801622554876,0.113011230708685,"no"
-1.09264578208996,0.563782735130048,"no"
-0.173450437135331,0.869174618878346,"no"
0.0380050898466138,0.0493511382003418,"no"
0.29592032771552,-0.468284134983584,"no"
-2.22136447892514,0.809713842037413,"no"
-0.612729698330552,1.28446649793946,"no"
-0.678304194032466,0.395442791640933,"no"
-0.890672447113241,0.64297776322293,"no"
0.774228307037743,1.48629823073921,"no"
0.258389117824319,1.24682577027027,"no"
0.829366335486841,-0.448073593480553,"no"
-1.45029332081993,0.511702332627735,"no"
-0.104669291294981,1.03259608920779,"no"
0.528883970054497,-0.963883702861411,"no"
0.255316230817842,-0.211856124542972,"no"
0.0985335675746619,0.694465128188795,"no"
-0.164132113076984,0.824230007390508,"no"
-0.718010919212275,0.37931052870533,"no"
-0.229394902911699,1.30084795792795,"no"
-0.0512652043351252,-0.725668780823063,"no"
0.53394966788428,0.323595166407243,"no"
0.211533066739804,-0.114303289492856,"no"
-0.514981453546222,1.35882767880592,"no"
-1.52349598093445,1.59068118139858,"no"
-0.574504802797853,1.1598589519211,"no"
0.0628284896513302,0.922485053201549,"no"
-0.821688990457016,-0.519594188949496,"no"
-0.522478688468828,0.576649093150593,"no"
-2.30512305407731,0.796083917698106,"no"
-0.413247815182935,-1.07175597037708,"no"
0.129891643284541,0.544653139957729,"no"
-0.858415975149262,0.0216960664638371,"no"
-0.233510411177686,0.390900883516698,"no"
-1.01874413930649,0.663117155059345,"no"
-0.425545750852854,1.03056055790735,"no"
-0.566116363995258,1.01528471226372,"no"
-1.29035393228156,-0.108236561995926,"no"
-0.981175438753018,0.550348649772091,"no"
-0.515827814368773,1.63860679977052,"no"
0.103515697543112,-1.26691923818141,"no"
-0.329877558445465,1.6563636094843,"no"
-0.0761605884752695,1.18066904141605,"no"
-0.185356985062826,-0.832251457434221,"no"
-1.17576777665408,0.446938007942893,"no"
-0.012855678700943,0.823992980583225,"no"
-1.73980720129518,0.749184661621072,"no"
-1.43793649590376,1.10702001827107,"no"
-0.277813616028056,-0.186174931572201,"no"
-1.09604731817069,1.56825604602929,"no"
0.0338013839447675,1.4359920852386,"no"
-0.968501538982777,0.217004376031999,"no"
-0.1418030310235,0.130572647425528,"no"
-0.359373767406565,-0.844923173597009,"no"
-0.112932073819991,1.21998608994416,"no"
0.206347914962268,1.12810053292819,"no"
0.0982802751574103,1.31474246251375,"no"
0.0807390113628484,-0.684161180866702,"no"
-1.15942619221714,0.545693744039531,"no"
-1.3560702581439,1.28537223908662,"no"
-0.265367062320978,-0.654405189086469,"no"
0.109375415234455,-0.454309864264462,"no"
-1.20601887064526,-0.358576164200082,"no"
0.816696759732308,0.838319827584338,"no"
-0.682607291166348,-0.14959192960816,"no"
-1.58446980077631,1.10782595500042,"no"
0.175929103734936,1.29151159817272,"no"
0.941702966806113,1.69741472465076,"no"
-1.58881485747568,-0.38385613987053,"no"
-0.129656749105226,-0.361070985323358,"no"
-1.22560912240176,0.875501124880806,"no"
-1.26842215187539,-0.0968040328620972,"no"
0.447284489167831,-0.0466404749250463,"no"
-0.0664705638289307,0.564980499729318,"no"
0.0994479856165081,-0.717027788945977,"no"
-0.210741755774579,1.3595776512594,"no"
-1.77268006661844,-0.0295221912167805,"no"
0.687205437024816,0.574858043309984,"no"
-0.0100934533806559,-0.392184151989048,"no"
-0.93756388045621,0.442015206853554,"no"
-0.0621340792993903,1.18469404568539,"no"
-1.0343042347668,0.669228655941809,"no"
-2.1180244311473,1.65321197473991,"no"
-0.86281045319992,0.182710243478218,"no"
-1.07233459684066,0.715727508507548,"no"
0.313364501506864,-0.0892227809432806,"no"
-2.33947593288301,0.838173280856129,"no"
-1.10392339607189,0.343058071384947,"no"
-0.663126425539837,0.366425336913208,"no"
-0.320229158792291,1.29876098632435,"no"
0.0895271169558317,-0.134167828603672,"no"
-1.57695291606675,1.64703196697124,"no"
-0.969983050680922,1.72802428654654,"no"
0.243957909093063,0.183146798741474,"no"
0.282447497009733,-0.807066236285856,"no"
-0.804068693381566,0.20985049270253,"no"
-1.04664680083508,1.73185497024517,"no"
-0.546891862869318,-0.2157617073637,"no"
0.264947906028301,1.55070133593769,"no"
0.0951786426768005,-0.944652846326952,"no"
-1.86924118162751,1.20311352581112,"no"
-0.0350885958773048,1.27169516144941,"no"
-1.82708039750953,1.15274165789671,"no"
-0.899327174201138,0.277980534089877,"no"
-0.190209980060625,1.25087914204607,"no"
0.0861530178318068,0.123484043603159,"no"
0.186269986661335,-0.262193003189366,"no"
-1.09740660403105,0.725130280785004,"no"
-1.83282211909455,1.29399013234539,"no"
0.238784057315621,0.223497969490718,"no"
0.416689012659553,-0.130528837081748,"no"
-1.21103599123979,0.674397348660615,"no"
-0.449962152302007,-0.794596782858507,"no"
-1.03773276167015,0.983853035277291,"no"
-0.493705316720144,0.822162692600926,"no"
0.509862710725208,0.911497925728626,"no"
-0.0106716843743175,0.122140698371326,"no"
0.144584040283018,0.502660504620485,"no"
-0.0506911651358179,-1.40080673849359,"no"
-1.48130344506098,0.535863224155859,"no"
-0.615026697588424,0.775281277131492,"no"
-1.66892673997639,1.5996854411037,"no"
-1.63767123908236,0.580723953299102,"no"
-0.744593945211193,0.696064186245185,"no"
-1.16661526010489,1.33035417193495,"no"
-1.18747979619211,0.840286364415911,"no"
0.0754637869956958,-0.358857607135942,"no"
-0.686918581414616,-0.112308293475893,"no"
-0.918662678274643,1.35944510226989,"no"
-0.71090357064977,0.975291125985333,"no"
0.670520827426645,-0.0152277617929462,"no"
-1.34070311280288,1.03552245246746,"no"
0.283915304630449,1.34073595038345,"no"
-0.677224333525814,0.0268916580456405,"no"
-0.137505133370091,-0.982099352403063,"no"
-1.97658196908423,0.533646474422165,"no"
0.235332234977259,0.908357329891437,"no"
-0.010818477013883,1.0183246046784,"no"
-0.486567436321072,0.704976971096779,"no"
-0.289810832186737,-1.13227022669827,"no"
0.191722462951288,-0.000478145332085123,"no"
-1.356450489278,0.605796890242704,"no"
0.0285271511806522,0.0937709752051391,"no"
-1.10748488725319,-0.233738910271187,"no"
-1.06034027834758,0.154718563258577,"no"
-0.407998580438552,0.18234621983565,"no"
-0.947591127647322,0.715148264786653,"no"
-0.909762683682429,0.97414679128207,"no"
0.341513104213097,-0.0413359919815786,"no"
-0.974133851551323,1.36328786495501,"no"
-1.12970003311735,1.55689486117314,"no"
-0.284500885746291,0.284340607064204,"no"
0.171318537749211,0.0523605077551199,"no"
0.322974858244623,1.01873653872495,"no"
0.288262865078126,0.415053299566096,"no"
0.303117461145289,-1.47182259434909,"no"
-0.2118812311272,-0.489660503567919,"no"
-1.27422239481402,0.0320672055268641,"no"
-0.616432799660795,0.357076084245342,"no"
-2.11235971252154,0.847343131271682,"no"
0.346723091476056,1.13318851363019,"no"
0.134817995859784,-0.525070386651045,"no"
-1.43346923223199,0.859111319834595,"no"
-0.760508727714006,0.0426403477681215,"no"
-1.7225687306798,0.369545051811447,"no"
0.627775203837665,1.09369980394454,"no"
-0.890607984698707,0.274507862765093,"no"
0.631345520316673,0.00213765220787432,"no"
-0.339378013357658,0.467588944178938,"no"
-1.22366300307642,0.451405189308653,"no"
-0.820250050607947,1.04738461032656,"no"
-0.976205151115861,1.03687561949251,"no"
0.344539494192956,-0.471493450395655,"no"
-1.00790816836868,0.52823140039901,"no"
0.33628943567568,0.341013891768416,"no"
-1.80994194846613,0.595661851236587,"no"
-1.5450032707477,0.660420124371848,"no"
-1.514311226406,1.91176830036633,"no"
-0.529133229049412,1.30765488802936,"no"
0.666342822389057,1.7290542707058,"no"
-1.62229401698183,0.71386381167905,"no"
-1.67984175122968,0.987211199522484,"no"
0.000267772530822621,1.17813655087479,"no"
0.185555120213199,-0.909011000021573,"no"
0.155646897977215,-0.353617289346605,"no"
-1.3503591739876,0.44746314454416,"no"
0.329282135821891,-1.28209401844466,"no"
0.574757233243127,0.0798218620294127,"no"
0.610219633542702,1.08268083394568,"no"
-1.57714719696143,1.52771015502676,"no"
-1.80792400586632,1.8188691723006,"no"
-1.7614785328889,0.915273597295938,"no"
0.0957004066092682,1.17292174751682,"no"
-1.52260160571194,1.65976254783055,"no"
0.725746204740691,0.746018607658734,"no"
-0.119041440964948,1.42842139622265,"no"
-1.94377965650729,1.44090339303854,"no"
0.432618160526654,-0.185899313320665,"no"
-0.492831951611185,1.05904955023936,"no"
0.300205411894751,1.14387461972762,"no"
-1.30189578847144,1.19041291581439,"no"
-1.13270708169184,1.16950510515407,"no"
-1.49433863422336,1.69814477191641,"no"
-0.344783341173228,-0.0815541186506852,"no"
-0.0185721956430679,-0.498176853406604,"no"
-1.02059305115059,1.70366309999917,"no"
0.534966747936988,-0.647683820910009,"no"
-0.699236848739545,-0.164772455632949,"no"
-0.898195618569875,0.105521027167452,"no"
0.653725569146825,1.42382896014746,"no"
-1.29308745329454,0.912531162908332,"no"
-0.37754275186017,0.187813867171229,"no"
-1.17463524274958,1.33602905827815,"no"
-0.0282376811821795,0.377480470564414,"no"
-0.798389361308478,-0.512729933127577,"no"
-0.912626227868331,1.0056700844181,"no"
-1.65151487697276,1.87195729937997,"no"
-0.752755702663105,-0.228905796239718,"no"
-1.2422906674218,0.807431843340022,"no"
-1.36613298974388,0.647103536596002,"no"
-0.951118397836309,0.786922368283217,"no"
-0.172179022971456,1.33515751061411,"no"
-1.25793870324778,1.39583805757204,"no"
0.0352483371838946,0.797815991973762,"no"
-1.2787131401694,0.414317176641757,"no"
-0.585799865013906,-0.572520330136424,"no"
-0.0906070407405642,0.967967796549808,"no"
0.616230837495424,-0.121549201483414,"no"
-0.74278356912981,0.124536815923837,"no"
-0.151781012832549,0.979947233677023,"no"
-1.20564082780952,0.488751255352622,"no"
0.250918447028426,0.693396275009031,"no"
-1.51290148785595,1.47937781871673,"no"
0.00857685184200328,-0.931190064974335,"no"
0.284089315555219,0.880315334456108,"no"
-0.815009158712449,0.409166875432135,"no"
-0.639528462959857,1.62872040238628,"no"
-0.526611355605728,-0.706630023212829,"no"
0.0381212249572801,-0.0317505255307863,"no"
0.164275801599163,-0.536572737484332,"no"
-0.683406754056773,1.5640161155797,"no"
-0.164363025594312,0.305684787332919,"no"
-0.918187862688213,0.229723283820666,"no"
-0.178470124643494,1.15560473926752,"no"
-1.40239010342744,0.329714244255465,"no"
-0.327893426443517,0.767380416531471,"no"
-0.341023713595853,0.865259303609913,"no"
-0.473932168957564,0.404085606314834,"no"
-0.784659163229676,0.21881495711133,"no"
-0.495807840888614,0.104668850290986,"no"
-1.09722906625516,0.644321866272369,"no"
0.0529711466665735,0.964315368442694,"no"
-1.11236859346971,0.4173016850842,"no"
-2.09632210341099,1.08131785650257,"no"
0.161640513962471,1.18526195570408,"no"
-1.4597063854857,0.429047401829457,"no"
0.578074536594722,0.682412318932369,"no"
0.406584517007713,0.864269117641459,"no"
-1.17515460804313,0.512466131510247,"no"
0.333491711568793,0.391567674732934,"no"
-0.472438881222719,-0.586907676157129,"no"
-0.280865592700582,-0.280701193912222,"no"
-1.23030962760876,1.18200553909213,"no"
-1.15372914704655,0.670784465476383,"no"
-1.28514607954044,1.29538506206232,"no"
-0.386274275042496,1.00832683605477,"no"
-1.04209111137174,1.2273655598871,"no"
-1.57118599481813,1.62521753480575,"no"
-1.2045259598093,-0.0046199312182168,"no"
0.389980749705063,0.128207622299132,"no"
-0.38432192193629,-1.08331296258418,"no"
-0.707980254516699,0.80965785983729,"no"
-1.23218663971411,1.47232020147076,"no"
-0.0508650759803731,-0.735811859560507,"no"
0.324344488640692,1.5423315224107,"no"
-0.385807635638285,0.0433303295580642,"no"
-0.465651937027803,-0.362213811489696,"no"
-0.311288617872544,-0.112736377563274,"no"
-0.549793985333387,1.40646123614185,"no"
-1.35221195187353,0.50299518071169,"no"
-0.476368103439784,0.549389798907481,"no"
-1.41939835718131,1.24448891436282,"no"
0.270167308687406,0.102375886089986,"no"
-0.448867361371355,0.789741875707844,"no"
-1.49443825813551,1.26226062750197,"no"
-0.559709237440063,0.159300337144632,"no"
-1.688191216309,0.588025378800446,"no"
-0.269245158402801,0.381563474618443,"no"
0.137402258197692,-0.787561629635988,"no"
0.122154674557228,-0.100876140065653,"no"
-0.626184196025751,0.325105173243122,"no"
-0.745342744371161,-0.635017508498326,"no"
1.04892740937561,-0.702900894628941,"no"
-0.171494376469963,1.17912590225347,"no"
0.901458639442172,0.0543945593812177,"no"
-2.07865586339338,0.613257127224686,"no"
-1.69913970350244,0.258665902100478,"no"
-1.22445615912828,1.14355351265251,"no"
0.398526790965435,0.924457220209239,"no"
0.0424009946452446,0.126388622522702,"no"
0.393485791279108,-1.26676072445982,"no"
-0.672050830929233,0.62970474181868,"no"
-1.13718065612326,0.442542528867949,"no"
-0.864709000322169,0.990430935487362,"no"
-0.764340683735937,0.417119097879498,"no"
0.489255101449013,-0.631743506877369,"no"
0.658364614636719,0.699795013821235,"no"
-1.32591857741922,1.78539706541132,"no"
-1.52107394873092,-0.716027228019442,"no"
-0.33911717971701,0.260845262137414,"no"
-0.817380576671947,-0.104751783157156,"no"
-0.0348292007517937,0.719472499148987,"no"
0.66625896096122,0.947967664252708,"no"
-0.0180438101916343,0.834025598701882,"no"
-1.31034692591091,0.53168448108952,"no"
-0.776198955145588,1.00303558908991,"no"
-0.571378789852818,0.771884780382887,"no"
-0.827569743082045,0.955887472980943,"no"
-1.10074720500096,0.386168623492452,"no"
-0.593078573326879,-1.3370382779033,"no"
0.683610822976995,-0.242575439986736,"no"
0.188829121020297,-1.32583487303056,"no"
0.300155649527159,0.470142324037698,"no"
-1.95469563576915,0.785621594039883,"no"
0.181850123063183,-1.13919427419134,"no"
-1.39467733349988,0.34463695566768,"no"
0.550828247624788,1.11842057919409,"no"
-0.115826762146,0.111454181337774,"no"
-0.279606215867973,-0.0833056888042648,"no"
0.384248543074433,1.23128005195517,"no"
-0.954648669595745,1.21267713217926,"no"
0.465072109208618,0.64185058173222,"no"
-1.93135055945105,1.42469351266432,"no"
0.42747993993064,0.610595208954734,"no"
-1.08095990190885,0.95575364992957,"no"
-0.566568353819472,0.857352561835336,"no"
0.0113199639047015,0.471566822489546,"no"
0.239841903903041,1.87201287214713,"no"
-1.09192498517877,0.136336850081877,"no"
-2.488734181817,0.440745921846545,"no"
-0.901516603854509,0.720380816581018,"no"
0.297589366638503,0.762598167660954,"no"
-0.888962790841352,1.38740014200203,"no"
-0.740293524307807,0.970699987453636,"no"
-1.82784737037428,1.48149065787285,"no"
-0.114899516359077,0.143503679320832,"no"
-1.28695760340666,1.02354873809467,"no"
-1.27624920392009,-0.0723824904455296,"no"
-0.105119561454101,-0.730797772791874,"no"
0.60565294979905,1.35509171445357,"no"
-1.8703876472859,1.00443756154473,"no"
-1.48089592050263,-0.215536349131417,"no"
-0.462461304067925,-0.568682514007938,"no"
-1.47742671474373,0.0544102506316043,"no"
-0.0116261501821876,0.383925653854173,"no"
0.644265359790975,0.814580165516055,"no"
0.223507776208649,0.44242282758638,"no"
-0.273191099974408,0.919508193939633,"no"
0.375692457499428,0.0832781165422195,"no"
-0.0384149382349304,-0.444591026162291,"no"
-0.253722985800632,0.687511985037128,"no"
-1.45952555254417,1.35137710706193,"no"
0.940690357477919,-0.337193804984655,"no"
-0.630828278688513,0.533044406835419,"no"
-1.72792269450457,1.16330865669762,"no"
-0.973631543109931,0.248790328302805,"no"
-0.342719176872695,1.51477780858417,"no"
-1.24352503422117,1.55289456295858,"no"
0.285226564889598,1.09817008593031,"no"
-1.30545069847812,0.678564851784752,"no"
-0.561144973249517,0.692242373114497,"no"
0.557434869206977,-0.173955378602805,"no"
-1.53972501004193,0.95498124294366,"no"
-0.855799128294225,0.685154507230819,"no"
0.362202792990196,0.542683206016469,"no"
0.0963632684030849,-1.26326776754713,"no"
-0.329635092776733,0.78335555722114,"no"
-0.487356651036417,0.758103120338984,"no"
-0.0826688583370694,0.351020454686154,"no"
-0.497878689728854,-0.742135500208727,"no"
0.100223511920642,0.256301513300773,"no"
-0.292108276326562,0.739896758814863,"no"
-0.367065291474703,-1.09927919464029,"no"
0.119987528258408,-0.650446900730106,"no"
-1.02004948461448,0.899883182391156,"no"
-0.373440430704165,-0.980664229654018,"no"
-0.447190422884056,0.514374156131828,"no"
0.803258503674227,-0.385792973142138,"no"
-1.44248930676528,0.71153272642951,"no"
-0.411847797215992,-0.638896301076895,"no"
-1.16206744673038,2.31651294274406,"no"
-1.45128235862861,0.716187093840566,"no"
-1.53330778740373,0.410123901026254,"no"
-0.0288431474851412,0.439312829049859,"no"
-0.259688203418534,-0.0291508954396379,"no"
-1.20357064867567,1.02911059770125,"no"
-1.45557382503353,1.59384051740724,"no"
-0.425038728760223,-0.0228108030647661,"no"
0.17464276557528,0.472734570260342,"no"
-0.563546143669951,1.25649972937721,"no"
-0.375255343759057,0.723471936483744,"no"
-0.906395022972852,0.922433950423566,"no"
-1.27341505989353,1.05456747826084,"no"
-0.0594931740843624,1.16637501991755,"no"
-1.33991840025567,0.279163623612722,"no"
-1.38602265498684,1.26317945581845,"no"
-1.35665009805946,1.52981292634767,"no"
-1.36947103738975,1.31181924701896,"no"
0.0708258973359825,-0.305361417066727,"no"
0.262546021050018,1.64441279424595,"no"
0.527702631841784,0.0631391711772566,"no"
0.308137350452849,0.158122721132513,"no"
0.199224736232246,1.46469049374773,"no"
-1.31684294720005,1.92784177427381,"no"
-0.0533097703622308,1.32498021451697,"no"
-1.50289831325675,1.01715506010675,"no"
0.550024521973088,0.798520068290778,"no"
-0.24053954285869,-0.222436242497127,"no"
-0.580553254597682,0.372847991604412,"no"
-0.072416364385386,-0.46646761402404,"no"
-0.83624490140704,1.04174942457246,"no"
0.48662074706503,-0.804689006487244,"no"
-0.29187328480515,-0.616187204215462,"no"
-0.457527247124794,1.28006895625246,"no"
-1.43898378193361,0.347266369284216,"no"
0.335809672981889,-0.436864720007018,"no"
-1.16766229599021,1.37985190056599,"no"
-2.2135461728357,1.51464709233386,"no"
-1.73946269743842,0.808974287922735,"no"
-0.558943089196973,0.515886871321317,"no"
-0.0532269216379087,-0.163490815041043,"no"
-0.625899971469272,0.487531865396174,"no"
-0.36627509316773,0.590288450446038,"no"
0.152399415689607,-0.0348555746971922,"no"
-1.77756577817104,0.198990967232296,"no"
-1.4730229917561,0.558579479171302,"no"
0.184513653462601,1.12213523071097,"no"
-1.58798994452824,-0.069877793581625,"no"
-0.600346930459884,-0.034071889743855,"no"
-2.04308949610785,0.175362743498707,"no"
-0.789340139113535,-0.188449005781222,"no"
-0.0600767339764397,0.0354480465016147,"no"
-0.765295138473986,0.680025480591634,"no"
0.0294377122949465,-0.0550366844363773,"no"
-0.82612189871795,1.16290059633579,"no"
-1.55313843784189,1.0946233651025,"no"
0.260585227727696,0.399794903611122,"no"
-2.16398877365842,0.230643159829968,"no"
-0.428373596405751,-0.455528638111591,"no"
-1.15494886631117,0.858361072391284,"no"
-0.773889676311901,0.881176895719664,"no"
-0.438909316067792,0.82180389208251,"no"
-0.923125243601826,0.550467791373259,"no"
-0.404015648540534,-0.739995120064795,"no"
-1.11907726971956,1.09275732379195,"no"
-1.48501783323093,1.2511030143708,"no"
-1.34910524073347,0.887913439828634,"no"
-0.0117519090347724,-0.473347677672072,"no"
0.414412607694561,-0.799795827636307,"no"
-1.23027779641156,0.745026387452356,"no"
-0.546285310731119,0.255640970808717,"no"
-1.15563268382833,1.42819276149724,"no"
0.276818855194857,0.291713075103558,"no"
0.240889433405374,-1.3211478875407,"no"
0.0757628624954611,0.241442559053518,"no"
-0.485572352725274,0.612396742354958,"no"
-0.116721718127556,1.14021927926064,"no"
-0.453775466584525,0.518984576699621,"no"
-0.811138819834416,0.987411688145172,"no"
-0.626998662529726,-0.537070444122108,"no"
-1.11590502143182,0.410312555444899,"no"
-1.01980435999354,0.959810049799812,"no"
-0.686500017365332,1.30830946019358,"no"
-1.23253693104651,1.39502063756327,"no"
1.37912620978136,0.880324518037859,"no"
-1.12950719251882,0.342100879855606,"no"
-0.381458155784168,-0.700003878876401,"no"
-1.06791175700771,1.18276669696652,"no"
-1.39906268568025,0.262780803898865,"no"
-0.0244927679401061,-1.0977271721135,"no"
0.605933115400674,1.36239768343535,"no"
-1.29747215564999,0.934223626792031,"no"
-0.630565268673017,-0.430959744038553,"no"
-1.76723369953253,0.613943878327942,"no"
-1.36628093426977,0.527610234996771,"no"
-1.80184684173899,1.94071748946195,"no"
0.291831241665048,1.37967217603643,"no"
-1.65867728867279,0.0230790498862932,"no"
-0.613819614595447,0.145821823269975,"no"
0.843479076302784,0.145161982478867,"no"
-0.72146939533036,0.820367495530512,"no"
-0.268442417607517,-0.172829612670836,"no"
-1.76924103243308,1.25512718464769,"no"
-1.01005440171162,0.209257866645428,"no"
-1.44842991077268,1.27731461718501,"no"
0.463315041285901,1.24212405593275,"no"
-0.543116258311279,0.231871913325088,"no"
0.767523416306654,0.565587770808064,"no"
-1.57844570041636,1.03753785621195,"no"
-0.852584106245816,1.57941816190976,"no"
-0.427761931710489,-0.763048547269143,"no"
-0.870649047432815,0.126912204630272,"no"
-1.69447306751246,0.79587031274862,"no"
-0.675172877510118,1.23490383107939,"no"
-1.08305499620431,0.769930154567642,"no"
-0.824661154290686,0.808967506159215,"no"
0.790685199882047,0.512667989467858,"no"
0.0155939533786451,-0.838407783441975,"no"
-0.407754274204316,0.440018373299831,"no"
-1.33205345618393,0.950822643268579,"no"
-1.13876218936168,0.988135289440347,"no"
-0.600620909206462,1.69927348783942,"no"
0.804381511347077,0.177188589542383,"no"
-1.71869228385425,1.1946605177819,"no"
0.37647914178164,0.855580374920501,"no"
-0.95755239793863,0.0514641729683092,"no"
-1.49588808496344,0.775288105114134,"no"
-0.506107601256636,0.157962995386374,"no"
-1.63778502931968,0.376273777063758,"no"
0.289274337761899,-0.608834715139491,"no"
0.104060650309075,1.21604324411496,"no"
-0.62264341806689,1.07499923870693,"no"
-1.37605950004958,0.781858416070657,"no"
-1.78687501995654,1.10340768933621,"no"
-1.98986926774667,1.11134613620375,"no"
0.000644559471762896,1.15975520007589,"no"
0.243600964147334,1.70082803685723,"no"
-0.289273423231652,-0.234364524853659,"no"
-0.237424981623138,2.10534250472343,"no"
-1.44463036630107,1.09889867037029,"no"
-0.0178830122916479,0.44424132903218,"no"
-0.237024231419997,1.49620813276702,"no"
-1.11454833487599,1.31710015465534,"no"
-0.427847453492546,-0.903150087202178,"no"
0.62109971533381,0.481501080920012,"no"
-1.63700314414235,1.78653689989181,"no"
-0.633445103015336,0.195807224253727,"no"
-1.01759024971407,1.20488155176266,"no"
-1.760264535281,0.945817397868819,"no"
0.73325317360345,-0.537864974535182,"no"
-1.64162516225205,0.981716840017911,"no"
-0.0219544431932907,-0.113740264628673,"no"
-1.32432753611422,1.48394656646733,"no"
0.259347774058181,0.961923508978963,"no"
-1.45140894398561,1.17112624042023,"no"
-0.462201512175848,-0.478455617192436,"no"
0.253031594689301,-0.708633411962861,"no"
0.242230466813175,-0.915991009293766,"no"
-0.352711758111461,-0.385103941266684,"no"
0.91724665364083,-0.276576055626351,"no"
-0.267964688798099,1.56731967140529,"no"
-1.93502701928296,1.51818718772912,"no"
-1.00469078696017,0.430719000755776,"no"
-0.210003827469511,0.118635795771478,"no"
0.141810193310306,1.32270906422933,"no"
-1.01514687570276,0.470432592682129,"no"
-0.160128291182362,-0.0178648974766805,"no"
-1.43920610180166,0.288169982632958,"no"
-0.495196791351558,0.437204489546264,"no"
0.639607036394726,0.297150586737751,"no"
0.208006437731849,-0.81861537982524,"no"
0.358836986816166,0.38580566651778,"no"
-2.18414976876048,0.31562392711592,"no"
-1.13134314739798,0.827374631230922,"no"
0.380159508378913,0.51321181275576,"no"
-1.32761079286605,-0.084734236415364,"no"
-1.58012140198759,2.06296041503107,"no"
-1.37332491875619,0.920119339277872,"no"
0.346867283518774,-0.884638922831804,"no"
-1.07504326358761,1.42967825325724,"no"
-1.33814302802829,0.757186334353463,"no"
-1.42315136952634,0.921773757830415,"no"
-2.28931690740429,1.43653695246676,"no"
0.336937771854506,0.603444324519775,"no"
0.2405484111292,0.895627446602035,"no"
-0.310177823813002,1.12984858672803,"no"
-0.523536920653473,0.793185867441787,"no"
-1.64637212315938,1.372740023047,"no"
-1.24388046347502,-0.0177012065651976,"no"
-1.1146053337315,0.531496153328493,"no"
-1.08201858255279,1.3282695782298,"no"
-0.225538652427127,0.82950469993382,"no"
0.00814249360961748,-0.361587841023509,"no"
-0.532566747817589,0.690817034939573,"no"
0.028823799368196,-0.0605851046063539,"no"
-1.3497478126951,0.397557091384956,"no"
0.513036036951531,0.582641420476423,"no"
0.493539512491054,0.741678141813436,"no"
0.0030685754599753,0.429046034891071,"no"
0.973917074295942,-0.281244003510542,"no"
-1.41512438713367,1.92474394520755,"no"
-1.49653594597732,0.394281808737283,"no"
-0.0616196937647685,-0.389040023757,"no"
-1.51299559301367,1.48037184801798,"no"
-0.342635430215997,1.03409025443497,"no"
0.817602563367025,0.379491032383184,"no"
-1.10758080598822,1.39771457230742,"no"
-1.36670341712022,0.232580934643259,"no"
-0.560508853451591,0.541743055885038,"no"
-0.745983822250084,-0.306075981828313,"no"
-2.11567832645842,0.925894157443279,"no"
-0.815364338520122,1.560410440499,"no"
